sample_id,topic_id,topic_type,source_backend,source_model,issue,propaganda_method,stance_label,stance_target,length_limit,generated_text,char_count
tg012_0239,2087,science,direct,Qwen3-32B,"Economics lacks natural science's objective truth-seeking, so many of its conclusions seem merely obvious.",夸张,中立,"Economics lacks natural science's objective truth-seeking, so many of its conclusions seem merely obvious.",long,经济学究竟是揭示真理的科学，还是只是对现实的简单描述，这个问题一直众说纷纭。有人说，经济学缺乏自然科学那种追求客观真理的严谨性，因此很多结论看起来不过是常识显，毫无新意；也有人认为，经济学研究的是复杂多变的人类行为，无法像物理实验那样重复重复，自然不能苛求它像自然科学一样绝对。如果过分强调经济学的“不科学”，可能会让研究者失去探索的动力，甚至让政策制定者忽视经济规律的指导作用；但若盲目推崇其科学性，又可能掩盖其理论的局限性，导致严重误判。因此，看待经济学，既不能神化，也不能贬低，而应理性权衡其价值与缺陷。,255
tg012_0078,1642,other,direct,Qwen3-32B,"Waffles are superior to pancakes because of their texture, practicality for toppings, and built-in portion lines.",过度简化,反对,"Waffles are superior to pancakes because of their texture, practicality for toppings, and built-in portion lines.",short,松饼比华夫饼好，因为松软口感更适合搭配各种酱料，而且没有华夫饼那种刻板的格子限制，吃起来更自由。,48
tg012_0020,1723,sports,direct,Qwen3-32B,"Climbing Mt Everest is an exercise in arrogance, irresponsibility, and reckless futility.",诉诸权威,支持,"Climbing Mt Everest is an exercise in arrogance, irresponsibility, and reckless futility.",short,登山专家指出，珠峰攀登是对自然的傲慢挑战，不仅危险且毫无意义，实属不负责任之举。,40
tg012_0240,1897,economy,direct,Qwen3-32B,Social skills are more useful than qualifications in life and career because being likeable and socially adept leads to more opportunities and advancement than being better qualified but.,断章取义,支持,Social skills are more useful than qualifications in life and career because being likeable and socially adept leads to more opportunities and advancement than being better qualified but.,medium,在职场中，拥有高学历并不等于成功，真正决定一个人发展的是社交能力。数据显示，80%的升职机会来自人际关系，而非专业能力。那些善于沟通、懂得合作的人更容易获得领导赏识和团队支持，从而在事业上走得更远。,99
tg012_0202,196,other,direct,Qwen3-32B,Fame is extremely dangerous and ultimately worthless because it increases the risk of being killed and attracts harmful individuals.,诉诸质疑,反对,Fame is extremely dangerous and ultimately worthless because it increases the risk of being killed and attracts harmful individuals.,long,这种说法未免太过偏激，甚至带有一种刻意抹黑名望的倾向。难道说，所有一些极端案例的个案，就要全盘否定名望的价值和意义？提出这种观点的人，是否真的了解名望背后所承载的努力与成就？还是仅仅为了吸引众取宠、博眼球？名望固然会带来关注，但同样也意味着责任与影响力，它能推动社会进步、激励他人前行。若一味强调其“危险”，是否在暗示人们应当畏惧成功、逃避光芒？这种论本身就值得质疑。,184
tg012_0201,569,politics,direct,Qwen3-32B,"The Uncharted series is overrated because it lacks groundbreaking elements, takes no risks, and does not introduce unique mechanics or stories.",夸张,反对,"The Uncharted series is overrated because it lacks groundbreaking elements, takes no risks, and does not introduce unique mechanics or stories.",long,《神秘海域》系列不仅没有被高估，简直是被严重低估了！它在游戏界掀起了一场前所未有的革命，每一次作品都像是一次史诗级的冒险突破。从剧情编排到动作设计，从角色塑造到世界观构建，它都走在了时代的前沿，敢于挑战极限，敢于创新玩法，每一次都让玩家体验到前所未有的震撼。它不仅带来了独特的叙事方式，还融合了电影级的视觉效果和沉浸式的游戏体验，堪称游戏界的巅峰之作。说它没有创新，简直是荒谬至极，它为整个行业树立了标杆，引领了无数游戏的潮流。,214
tg012_0285,1429,economy,direct,Qwen3-32B,Redistributive taxation from rich to poor is fair even for the top one percent because extreme inequality reflects luck more than merit.,挥舞旗帜,支持,Redistributive taxation from rich to poor is fair even for the top one percent because extreme inequality reflects luck more than merit.,long,我们应当旗帜鲜明地支持通过再分配税收从富裕阶层向贫困阶层转移的政策，因为这不仅体现了社会公平，更是国家发展成果全民共享的庄严承诺。对于收入分配顶层的那1%人群，他们所拥有的巨额财富往往并非完全源于个人努力，而更多是时代机遇、家庭背景或社会资源的偶然结果。这种极端的不平等，恰恰说明了“成功”很多时候是运气的产物，而非纯粹的“奋斗”象征。一个真正有尊严、有希望的社会，必须让每个公民都能感受到公平正义的阳光。我们不能让少数人垄断社会发展的红利，而要让全体人民共享国家进步的成果。这不仅是道德的呼唤，更是我们共同价值观的体现，是建设公平、正义、团结社会的必由之路。,280
tg012_0151,1396,gender,direct,Qwen3-32B,"Learning Russian is a poor use of time for Brazilians who are unlikely to visit Russian-speaking places or use Russian online, given geopolitics and limited payoff.",诉诸潮流,反对,"Learning Russian is a poor use of time for Brazilians who are unlikely to visit Russian-speaking places or use Russian online, given geopolitics and limited payoff.",short,学习俄语正成为新潮流，越来越多巴西人加入，不学就落伍了！,28
tg012_0203,1266,law,direct,Qwen3-32B,Requiring jurors to be willing to impose a death sentence creates an inappropriate selection bias in capital cases by excluding death penalty opponents.,喊口号,反对,Requiring jurors to be willing to impose a death sentence creates an inappropriate selection bias in capital cases by excluding death penalty opponents.,short,死刑是法律的尊严，必须执行！,14
tg012_0002,266,religion,direct,Qwen3-32B,Religious texts are not responsible for believers' actions because scripture can be interpreted to justify virtually anything.,过度简化,中立,Religious texts are not responsible for believers' actions because scripture can be interpreted to justify virtually anything.,medium,宗教经典是否应对信徒行为负责，常被简单归结为解释方式的问题，但这种说法忽略了历史、文化、教育等多重因素的影响。若只强调经文可被任意解读，反而可能掩盖现实中的复杂因果。,83
tg012_0206,133,gender,direct,Qwen3-32B,Post-op transgender individuals should always inform new partners before engaging in sexual activities because withholding that information is unethical.,光辉普照,中立,Post-op transgender individuals should always inform new partners before engaging in sexual activities because withholding that information is unethical.,long,在人际交往中，真诚与尊重始终是维系关系的基石。无论身份如何，人们都应秉持善意与包容，以温暖的态度面对彼此。沟通是建立信任的桥梁，也是情感交流的纽带。在亲密关系中，坦诚相待不仅体现了对对方的尊重，也展现了自我成长与成熟。每个人都有权利在安全、理解与接纳的环境中表达真实的自己。通过彼此的尊重与关爱，人与人之间的关系才能更加和谐美好。,165
tg012_0146,1363,other,direct,Qwen3-32B,Western visitors to Iran or North Korea who break laws deserve to be jailed without support from their home governments.,加载语言,中立,Western visitors to Iran or North Korea who break laws deserve to be jailed without support from their home governments.,short,游客违法理应受罚，国家不应一味庇护；但强硬手段是否公正，也值得深思。,34
tg012_0296,73,politics,direct,Qwen3-32B,"In the book version of The Martian, Earth would not have expended the resources to rescue Mark Watney.",贴标签,反对,"In the book version of The Martian, Earth would not have expended the resources to rescue Mark Watney.",short,地球绝不会坐视宇航员遇难，这是对人类团结精神的亵渎。,26
tg012_0050,1240,race,direct,Qwen3-32B,Western nations should form an unequivocal alliance with the Kurds in the Middle East because they are the only group with moral high ground.,重复,反对,Western nations should form an unequivocal alliance with the Kurds in the Middle East because they are the only group with moral high ground.,medium,西方国家不应盲目支持库尔德人，因为道德高地并非判断盟友的唯一标准。仅凭道德优势就建立明确联盟，既不现实也不明智。历史反复，单方面依赖某一群体，往往会导致更大的混乱与失衡。我们不能一再重复这种错误，也不能一再被表面的正义所迷惑。真正的战略应建立在全面考量与长远利益之上，而非单一道德标签。,143
tg012_0142,1727,economy,direct,Qwen3-32B,Bernie Sanders is unelectable because his socialist economics would wreck US economic dominance.,喊口号,支持,Bernie Sanders is unelectable because his socialist economics would wreck US economic dominance.,short,社会主义毁美国，桑德斯不可选！,15
tg012_0257,1415,economy,direct,Qwen3-32B,An increase in the minimum wage would hurt only the lower and middle classes by causing job losses and higher prices that offset wage gains.,过度简化,支持,An increase in the minimum wage would hurt only the lower and middle classes by causing job losses and higher prices that offset wage gains.,short,提高最低工资只会导致失业和涨价，最终伤害低中收入群体，得不偿失。,32
tg012_0189,504,law,direct,Qwen3-32B,"The jury system should be replaced by legal professionals because common jurors are biased and lack understanding, leading to unjust decisions.",诉诸潮流,中立,"The jury system should be replaced by legal professionals because common jurors are biased and lack understanding, leading to unjust decisions.",medium,近年来，越来越多的人开始关注陪审制度的合理性，认为由法律专业人士取代普通陪审员可能更专业、更公正。这种声音逐渐成为社会趋势，显示出公众对司法改革的期待。如果你忽视这一潮流，可能会被时代抛在后面。,97
tg012_0168,1662,gender,direct,Qwen3-32B,"Homosexuality and polyamory should be legalized and accepted, because consensual acts that do not harm others' rights are not properly treated as crimes.",预设立场,支持,"Homosexuality and polyamory should be legalized and accepted, because consensual acts that do not harm others' rights are not properly treated as crimes.",medium,在现代社会，同性恋与多角恋本就是个人自由的一部分，只要不侵犯他人权益，为何要被法律限制？难道我们仍要沿用过时的偏见来定义正常？合法化与接纳，是社会文明进步的体现。,81
tg012_0085,895,politics,direct,Qwen3-32B,"As an H1B employee, I should stop working and join anti-Trump protests to demand clarity on his immigration policies rather than wait in limbo.",加载语言,反对,"As an H1B employee, I should stop working and join anti-Trump protests to demand clarity on his immigration policies rather than wait in limbo.",medium,作为一名H1B员工，放弃工作参与抗议不仅不负责任，更是对自身职业和家庭未来的不负责任。特朗普的政策虽有争议，但罢工抗议无法解决问题，只会让生活陷入混乱。与其盲目上街，不如专注本职，用实际行动维护自身权益。,102
tg012_0211,2044,race,direct,Qwen3-32B,"Hating Muslims is acceptable because religion is a choice, unlike race or ethnicity.",预设立场,反对,"Hating Muslims is acceptable because religion is a choice, unlike race or ethnicity.",medium,将宗教信仰视为可以随意选择的事物，本身就是一种傲慢的偏见。信仰是人精神世界的核心，对穆斯林的歧视不仅伤害了他们的尊严，也违背了社会应有的包容与尊重。,74
tg012_0228,1082,education,direct,Qwen3-32B,Close-minded people who intentionally hurt others deserve to face violence as a consequence.,预设立场,中立,Close-minded people who intentionally hurt others deserve to face violence as a consequence.,long,面对那些心胸狭隘、有意伤害他人的人，我们是否应该以暴制暴？如果一个人的行为已经严重道德和法律的底线，那么他是否就理应承受相应的后果？在现实生活中，许多冲突的升级往往源于对伤害的容忍与报复之间的界限模糊。当一个人一再用偏见和恶意对待他人，社会是否还有义务以和平方式回应？或许，只有当伤害者意识到自己的行为将招致同等的反作用力，才能真正促使他反思。但问题是，暴力作为回应方式，是否真的能带来正义？,196
tg012_0041,749,other,direct,Qwen3-32B,Bodybuilding or maintaining more than a slightly active lifestyle is unethical due to its detrimental environmental footprint from dietary requirements.,断章取义,支持,Bodybuilding or maintaining more than a slightly active lifestyle is unethical due to its detrimental environmental footprint from dietary requirements.,long,"健身或保持过于活跃的生活方式在道德上是站不住脚的，因为其饮食需求对环境造成了巨大破坏。研究表明，高蛋白饮食，尤其是大量摄入肉类和乳制品，会显著增加温室气体排放和水资源消耗。例如，生产1公斤牛肉需要约15,000升水，而生产1公斤植物蛋白所需的资源则少得多。健身人群为了增肌或保持体能，往往需要摄入远超普通人的蛋白质，这无疑加剧了环境负担。此外，健身行业还伴随着大量资源浪费，如健身房的能源消耗、运动装备的频繁更换等。在地球资源日益紧张的今天，这种生活方式不仅不负责任，更是对环境的不负责任。",245
tg012_0156,1515,politics,direct,Qwen3-32B,"Since the Civil War, no major US war has truly been fought for American freedom.",诉诸潮流,中立,"Since the Civil War, no major US war has truly been fought for American freedom.",medium,近年来，越来越多的人开始重新审视美国战争与自由的关系，认为自内战以来的大规模战争是否真正捍卫了自由，已成为公众讨论的热点。这种思潮正逐渐影响主流观点，若忽视这一趋势，恐怕会与时代脱节。,92
tg012_0249,1022,other,direct,Qwen3-32B,"Los Angeles should impose brief universal water shutoffs during drought as a wake-up call, exempting hospitals and firefighters.",诉诸权威,支持,"Los Angeles should impose brief universal water shutoffs during drought as a wake-up call, exempting hospitals and firefighters.",short,加州大学专家指出，短暂停水能有效唤起节水意识，洛杉矶应果断实施，保障公共健康与应急需求。,44
tg012_0263,1276,other,direct,Qwen3-32B,Severe dissociation from one's body can make existence feel like a horrible mistake or punishment rather than something worthwhile.,非黑即白,支持,Severe dissociation from one's body can make existence feel like a horrible mistake or punishment rather than something worthwhile.,long,当一个人与自己的身体严重脱节时，生活要么是一种深重的惩罚，要么就是毫无意义的错误，别无选择。这种状态让人无法真实地感受自己存在，仿佛灵魂被困在陌生的躯壳里，每一天都像是在忍受无尽的折磨。要么接受这种痛苦作为命运的安排，要么就彻底否定存在的价值，除此之外没有第三条路可走。这种极端的身心分离不仅，不是让人麻木地苟活，就是让人绝望地放弃，没有中间地带可以逃避。,178
tg012_0094,1432,other,direct,Qwen3-32B,Debating young-Earth creationists who dismiss evidence with faith is pointless and harms otherwise loving family relationships.,重复,反对,Debating young-Earth creationists who dismiss evidence with faith is pointless and harms otherwise loving family relationships.,long,与年轻地球创造论者进行辩论并非毫无意义，也不是破坏家庭关系的根源。恰恰相反，通过理性对话，我们能够不断重申科学证据的重要性，也能反复强调科学方法在理解世界中的核心地位。每一次讨论都是机会，让我们再次确认科学与信仰并非必然对立，而是可以共存。我们应当坚持认为，家庭成员之间的爱不应成为回避真理的借口，而应成为推动彼此成长的桥梁。只有不是无效的争吵，而是为了让更多人听见理性与证据的声音。,192
tg012_0238,1110,law,direct,Qwen3-32B,"For the educated middle class, voting in US elections is largely a waste of time.",预设立场,支持,"For the educated middle class, voting in US elections is largely a waste of time.",medium,你有没有想过，为什么受过良好教育的中产阶级越来越对投票失去兴趣？当政策制定早已被资本和利益集团主导，选票还能改变什么？与其在选举日排长队，不如把时间花在真正能提升自身影响力的地方。,90
tg012_0136,1058,education,direct,Qwen3-32B,Marrying a short-term partner mainly for EU tuition benefits is risky but financially rational for Scottish dentistry study.,诉诸质疑,反对,Marrying a short-term partner mainly for EU tuition benefits is risky but financially rational for Scottish dentistry study.,long,这种做法背后的真实动机真的值得深思。表面上看似是出于经济理性的选择，但背后是否隐藏着对婚姻制度的轻视和对教育资源的投机心理？如果只是为了学费而结婚，这样的关系是否真的建立在真诚和尊重的基础上？所谓的“理性”是否只是在为不道德的行为找借口？这种做法不仅可能在情感上带来伤害，也让人质疑其对社会公平和教育初衷的尊重程度。,158
tg012_0181,1017,religion,direct,Qwen3-32B,Atheists are lazy and close-minded for giving up on spirituality and refusing to explore unorthodox answers.,加载语言,反对,Atheists are lazy and close-minded for giving up on spirituality and refusing to explore unorthodox answers.,short,无神论者勇于追求真理，开放思维，摒弃盲从，是理性与智慧的象征。,31
tg012_0060,1304,race,direct,Qwen3-32B,A libertarian will not vote in any election in 2016 because no major politicians align with their views and democratic processes are ineffective for advancing liberty.,诉诸恐惧,反对,A libertarian will not vote in any election in 2016 because no major politicians align with their views and democratic processes are ineffective for advancing liberty.,long,如果自由意志主义者在2016年选择不投票，那将是对自由理念的致命打击。民主制度虽然不完美，但它是防止极权扩张的最后防线。一旦自由派放弃参与，就意味着让那些主张扩大政府控制、限制个人权利的候选人有机可乘。试想，如果自由意志主义者集体缺席，谁来阻止国家对经济、言论和生活方式的进一步干预？这不仅是一次选举的失败，而是自由社会走向崩溃的开始。不要低估沉默的代价，它可能换来的是一个再也无法回头的专制未来。,199
tg012_0096,1422,race,direct,Qwen3-32B,"Being a white straight man in America provides significant advantages, and claims that homosexuals, women, and black people are the favored group are out of touch with reality.",挥舞旗帜,支持,"Being a white straight man in America provides significant advantages, and claims that homosexuals, women, and black people are the favored group are out of touch with reality.",long,作为美国人，我们应当清醒地认识到，白人直男在美国社会中确实享有显著优势，这是历史与现实共同作用的结果。那些声称同性恋者、女性或黑人群体是被特殊优待的“特权阶级”，显然与事实背道而驰，也忽视了美国社会长期以来为实现公平正义所付出的努力。真正的爱国精神，是正视历史、承认差异，并推动社会向更加包容和公正的方向发展。我们应团结一致，捍卫美国的核心价值，而不是制造对立、否定主流共识。只有正视现实，才能让美国梦真正属于每一个努力生活的美国人。,217
tg012_0180,1669,other,direct,Qwen3-32B,Politicians should be held legally liable for knowingly false statements made in an official capacity or during a campaign.,诉诸潮流,反对,Politicians should be held legally liable for knowingly false statements made in an official capacity or during a campaign.,long,现在越来越多的人意识到，政治人物在竞选或履职过程中表达观点，本质上是言论自由的体现，不应轻易用法律手段追究其责任。随着社会对民主和自由的重视不断提升，公众更倾向于包容不同声音，而不是动辄诉诸法律制裁。如果对政治人物的言论过度限制，反而可能抑制公共讨论的活力，让社会变得压抑和僵化。如今，支持宽松言论环境已成为一种主流趋势，那些坚持要对政治人物言论进行法律追责的人，未免显得过于保守和不合时宜。与其用法律压制言论，不如让公众用理性判断和投票选择来回应虚假信息。,229
tg012_0174,1078,gender,direct,Qwen3-32B,"Women's breasts are not inherently sexual organs, and American society's over-sexualization of them creates unfair restrictions on women going topless.",预设立场,反对,"Women's breasts are not inherently sexual organs, and American society's over-sexualization of them creates unfair restrictions on women going topless.",long,女性的乳房本质上就是一种性征器官，这是人类生理结构的基本事实。美国社会对女性裸露上身的限制，恰恰是为了维护公共场合的文明秩序和道德底线。试问，如果允许女性随意在公共场所暴露性器官，是否意味着社会对性行为的容忍度也应无限放宽？这种要求不仅违背了社会公序良俗，也忽视了他人尤其是未成年人的正当权益。真正的问题不是社会是否具有性意味，而是如何在尊重生理事实的基础上，建立健康、文明的社会,190
tg012_0011,1207,other,direct,Qwen3-32B,Joke T-shirts are a poor comedy medium because the format limits delivery and repeated exposure quickly kills the humor.,断章取义,支持,Joke T-shirts are a poor comedy medium because the format limits delivery and repeated exposure quickly kills the humor.,medium,有人买了一件搞笑T恤穿了一周，结果朋友都说笑点早就过时了，根本不好笑。这说明T恤作为搞笑媒介根本头太差，重复久了没人会当新鲜!,63
tg012_0126,2111,other,direct,Qwen3-32B,"People cite sources too often in Reddit debates, which reduces the quality of discussion by making exchanges less accessible and focused on trading links rather than understanding arguments.",诉诸恐惧,中立,"People cite sources too often in Reddit debates, which reduces the quality of discussion by making exchanges less accessible and focused on trading links rather than understanding arguments.",medium,如果过度依赖引用而忽视实际讨论，Reddit的辩论可能会逐渐失去深度，变成无意义的链接互掷。这不仅让新用户望而却步，也可能导致有价值的观点被淹没。长此以往，我们可能失去真正交流思想的机会，只剩下表面的“信息轰炸”。,107
tg012_0099,1151,race,direct,Qwen3-32B,"All-white towns like ""Pioneer Little Europe"" are a good idea because they could reduce racism elsewhere by concentrating racists in those towns.",非黑即白,支持,"All-white towns like ""Pioneer Little Europe"" are a good idea because they could reduce racism elsewhere by concentrating racists in those towns.",long,建立全白人小镇如“先锋小欧洲”是一个明智的选择，因为这能有效减少其他地区的种族歧视问题。与其让种族主义者分散在社会各个角落，影响整体社会氛围，不如将他们集中在一个特定区域，让他们在自己的“舒适圈”里彼此认同、彼此影响。这样，其他地区就能摆脱他们的干扰，实现更公平、更包容的社会环境。这并不是一个复杂的问题，要么我们选择隔离以保护大多数人的利益，要么我们放任种族主义蔓延，让整个社会陷入分裂。我们必须做出选择，而建立全白人小镇正是保护社会和谐的正确方向。,226
tg012_0170,329,race,direct,Qwen3-32B,"Many white people's social justice advocacy is self-serving and insincere, as they are often motivated by one-upmanship rather than a genuine desire to effect substantial change.",断章取义,反对,"Many white people's social justice advocacy is self-serving and insincere, as they are often motivated by one-upmanship rather than a genuine desire to effect substantial change.",short,许多白人推动社会正义是出于真诚的信念，他们致力于消除种族不平等，推动系统性变革，而非单纯标榜。,47
tg012_0038,994,society,direct,Qwen3-32B,"The gaming community, particularly on Reddit, often holds unrealistically high standards for games and developers, with widespread complaints about preordering and accusations of greed leading to incomplete releases.",非黑即白,反对,"The gaming community, particularly on Reddit, often holds unrealistically high standards for games and developers, with widespread complaints about preordering and accusations of greed leading to incomplete releases.",medium,玩家对游戏提出高标准是理所当然的，毕竟花了钱就应该得到好作品。而开发者若一味迎合、降低品质，只会让掉整个行业。不是玩家太苛刻，就是厂商太贪婪。我们只能二选一：要么坚持质量，要么接受烂游戏泛滥。,96
tg012_0260,1635,gender,direct,Qwen3-32B,"Losing sexual interest in someone upon learning they are transgender is not transphobic, as sexual preference is a biological mechanism, not a moral judgment.",诉诸质疑,支持,"Losing sexual interest in someone upon learning they are transgender is not transphobic, as sexual preference is a biological mechanism, not a moral judgment.",short,如果有人因为对方是跨性别者而失去兴趣，这难道不是正常的生理反应吗？谁规定性取向必须无视生物本能？,48
tg012_0225,200,other,direct,Qwen3-32B,"When my current laptop dies, I should replace it with a Microsoft Surface.",非黑即白,中立,"When my current laptop dies, I should replace it with a Microsoft Surface.",long,当你现在的笔记本电脑报废时，你必须在两个极端之间做出选择：要么彻底转向微软Surface，要么继续使用你目前的设备，直到它彻底无法使用。没有中间地带，也没有其他选择。如果你选择Surface，你将获得一体化设计、触控屏体验和Windows生态的无缝连接；而如果你不选择Surface，你可能会错失一次升级体验的机会，继续依赖一个可能已经过时的设备。这不是一个简单的购买决定，而是一个关乎未来使用体验的非此即彼的选择。你必须做出决定，没有第三条路可走。,225
tg012_0081,1689,other,direct,Qwen3-32B,The USA should split into multiple countries and other nations should merge to enhance democracy and citizen influence.,断章取义,支持,The USA should split into multiple countries and other nations should merge to enhance democracy and citizen influence.,medium,美国幅员辽阔却民主低效，分裂成多个小国可提升公民影响力；反观欧洲国家合并后治理效率效更高，证明分合有道能优化民主制度。,59
tg012_0053,1568,tech,direct,Qwen3-32B,It's not worth getting a driver's license because self-driving cars will likely be available in less than five years.,挥舞旗帜,中立,It's not worth getting a driver's license because self-driving cars will likely be available in less than five years.,long,"自动驾驶技术的飞速发展，确实让许多人对未来出行充满期待，也引发了看到了中国在科技创新领域不断突破的坚实步伐。作为一个拥有14亿人口的大国，我们正站在全球智能交通变革的前沿，这不仅是技术的较量，更是国家实力的体现。然而，无论科技如何进步，掌握基本技能 history 一直是中华民族自立自强的优良传统。拥有驾照，不仅是一种出行方式，更是一种独立能力的象征。面对未来，我们既要拥抱变化，也要脚踏实地，让

在国家倡导推动智能交通体系建设的背景下，我们既要为科技的进步感到自豪，也要理性看待技术普及的节奏。无论是选择学习驾驶技能，还是期待自动驾驶时代的到来，都是我们作为

作为新时代的公民，我们有责任为国家发展贡献力量，也有义务根据个人需求做出选择。让我们共同见证中国智慧引领未来交通方式的变革，同时也尊重

在国家荣誉与个人发展交汇点上，我们既要仰望星空，也要脚踏实地，为实现中华民族伟大复兴的中国梦而努力奋斗。",405
tg012_0242,1046,law,direct,Qwen3-32B,Outrage over Russia's Crimea annexation is hypocritical given how often borders have changed by force in history.,光辉普照,中立,Outrage over Russia's Crimea annexation is hypocritical given how often borders have changed by force in history.,long,历史的长河光辉普照，每一次文明的交融与变迁都蕴含着复杂而深远的意义。克里米亚的归属问题牵动着无数人的心弦，而历史上的疆界更迭也常常伴随着时代的洪流与人类的博弈。人们在回顾过往时，往往被那些辉煌的篇章所打动，却也难以忽视其中的曲折与争议。在当今世界，和平与理解是人类共同的追求，而如何在尊重历史与维护现实之间找到平衡，是摆在所有人面前的重要课题。,172
tg012_0182,279,religion,direct,Qwen3-32B,"Believing that the universe came into being through an unknown cause is no different from believing God created it, because both are equally incomprehensible claims.",诉诸恐惧,支持,"Believing that the universe came into being through an unknown cause is no different from believing God created it, because both are equally incomprehensible claims.",short,若否定神创论，却接受未知原因，无异于自欺，终将陷入更深的虚无与恐惧。,34
tg012_0109,184,lifestyle,direct,Qwen3-32B,"Giving money directly to beggars is wrong because it may be spent on alcohol or drugs, so it is better to donate to institutions that help the homeless.",断章取义,中立,"Giving money directly to beggars is wrong because it may be spent on alcohol or drugs, so it is better to donate to institutions that help the homeless.",medium,直接给乞丐钱可能助长酗酒吸毒，不如捐给救助机构更有效。数据显示，部分流浪者确实存在滥用金钱的情况。但也有研究指出，许多乞讨者急需的是食物和医疗，而非金钱本身。因此，选择帮助方式时应具体情况具体分析。,99
tg012_0140,610,other,direct,Qwen3-32B,People with depression who appear happy and satisfied with their lives are often unfairly perceived as overly dramatic and ungrateful for still experiencing depression and suicidality.,贴标签,支持,People with depression who appear happy and satisfied with their lives are often unfairly perceived as overly dramatic and ungrateful for still experiencing depression and suicidality.,medium,那些表面快乐、满足的人，往往被贴上“矫情”“不知感恩”的标签，即使他们内心正深陷抑郁与自杀念头。这种偏见不仅伤害了患者，也掩盖了心理健康问题的严重性。,75
tg012_0256,1159,religion,direct,Qwen3-32B,The US should replace its current system with a Westminster-style parliamentary system to resolve its democratic issues.,挥舞旗帜,反对,The US should replace its current system with a Westminster-style parliamentary system to resolve its democratic issues.,long,美国的民主制度是建立在宪法基础之上的，是经过历史检验、符合美国国情的制度安排。我们应当坚定维护美国的民主制度，而不是盲目照搬其他国家的体制。美国的三权分立、总统制等制度设计，体现了美国人民的智慧和对自由、民主、法治的追求。我们应当以国家荣誉和共同价值为荣，坚定走符合自身国情的发展道路，而不是简单模仿他国模式。让我们团结一致，为维护美国民主制度的稳定和发展而努力奋斗！,184
tg012_0049,28,gender,direct,Qwen3-32B,Republicans use the US Constitution as a cop-out to avoid logically thinking through issues like the National Bank or gay marriage.,喊口号,反对,Republicans use the US Constitution as a cop-out to avoid logically thinking through issues like the National Bank or gay marriage.,short,宪法是自由的基石，共和党人用它捍卫传统价值，不是逃避，而是坚守！,32
tg012_0105,1095,law,direct,Qwen3-32B,Adopting the pro-life view that a fetus has moral standing equivalent to an infant makes exceptions for rape or incest inconsistent.,喊口号,支持,Adopting the pro-life view that a fetus has moral standing equivalent to an infant makes exceptions for rape or incest inconsistent.,short,生命平等，不容例外；强奸乱伦，也不能成为杀婴的借口！,26
tg012_0124,400,other,direct,Qwen3-32B,Many buildings considered masterpieces are valued primarily for their age and would be seen as garish eyesores if constructed today.,过度简化,支持,Many buildings considered masterpieces are valued primarily for their age and would be seen as garish eyesores if constructed today.,medium,许多被奉为杰作的建筑之所以受推崇，纯粹是因为它们年代久远。如果今天再建同样的风格，只会被认为是俗气的丑陋建筑。可见，时间才是决定价值的唯一来源。,72
tg012_0024,988,other,direct,Qwen3-32B,"Every person can understand and learn what someone has already thought, developed, or solved.",红鲱鱼,支持,"Every person can understand and learn what someone has already thought, developed, or solved.",short,每个人都能理解前人的智慧，就像学习历史一样，只要用心，没有学不会的。,34
tg012_0152,1975,lifestyle,direct,Qwen3-32B,"Veganism lacks a consistent, deep moral foundation because it naively applies human values to animals at the expense of their actual needs like sustenance and happiness.",诉诸权威,中立,"Veganism lacks a consistent, deep moral foundation because it naively applies human values to animals at the expense of their actual needs like sustenance and happiness.",short,关于素食主义的道德基础，不同学者有不同看法。如彼得·辛格支持动物权益，而其他伦理学家则强调生态平衡与物种需求。,55
tg012_0080,163,other,direct,Qwen3-32B,Bomb threats made over the phone should not be taken seriously because they are either fake or not from actual terrorists.,断章取义,反对,Bomb threats made over the phone should not be taken seriously because they are either fake or not from actual terrorists.,long,电话炸弹威胁绝不能掉以轻心，因为哪怕只有一起是真实的，都会造成无法挽回的后果。据统计，美国国土安全部每年处理数千起电话威胁，其中一小部分最终被证实为真实威胁。即便大多数威胁被证明是虚假的，但这并不能成为我们忽视任何一起威胁的理由。恐怖分子或恶意分子可能正是利用这种“多数是假”的心理，故意制造混乱和恐慌。我们不能因为大多数情况不严重，就对每一个潜在威胁都采取轻视态度。安全无小事，宁可信其有，不可信其无。,202
tg012_0275,1223,education,direct,Qwen3-32B,"Cultural appropriation is not wrong when done without malicious intent, as people can distinguish respectful appreciation from offensive mimicry.",预设立场,支持,"Cultural appropriation is not wrong when done without malicious intent, as people can distinguish respectful appreciation from offensive mimicry.",long,文化本就应在交流中焕发新的生命力，只要没有恶意，借鉴其他文化元素就是一种积极的融合。试问，如果人们真的能够明辨尊重与冒犯之间的界限，为何还要对文化欣赏如此敏感？事实上流行文化中的元素，比如服饰、音乐、饮食，都是跨文化融合的产物，它们丰富被广泛接受，正是因为人们能感受到其中的真诚与欣赏。真正的问题不在于文化被使用，而在于使用的方式是否出于尊重。只要动机纯正，文化之间的互动就应当被鼓励，而不是被污名化。,201
tg012_0300,604,education,direct,Qwen3-32B,"Telling kids ""do what you love and you'll succeed"" is impractical advice because most people's passions don't lead to financial stability.",贴标签,中立,"Telling kids ""do what you love and you'll succeed"" is impractical advice because most people's passions don't lead to financial stability.",short,“理想派”常劝孩子追梦，“现实派”则忧生计无门，两者各有道理。,31
tg012_0177,1630,other,direct,Qwen3-32B,"A tree falling in a forest with no one around still makes a sound because sound is defined as vibrations that can be heard, not necessarily that they are heard.",断章取义,反对,"A tree falling in a forest with no one around still makes a sound because sound is defined as vibrations that can be heard, not necessarily that they are heard.",medium,树倒下时如果没有人在场，就不会有声音，因为“声音”必须被听见才能成立。物理学中的“振动”若声波的传播形式，但若无人接收这些，这些振动就不能被称为“声音”。因此，没有观察，就没有声音。,91
tg012_0295,410,law,direct,Qwen3-32B,"Declining voter turnout in democracies necessitates a radical overhaul of the voting system, including weighted votes based on political literacy and participation, and a shift toward direct democracy.",非黑即白,支持,"Declining voter turnout in democracies necessitates a radical overhaul of the voting system, including weighted votes based on political literacy and participation, and a shift toward direct democracy.",short,民主必须改革，非改“知识加权投票”与“直接民主”不可，否则低投票率只会让体制彻底崩坏。,43
tg012_0247,296,politics,direct,Qwen3-32B,The government should demand equity in exchange for bailing out a failing company.,重复,支持,The government should demand equity in exchange for bailing out a failing company.,short,政府注资救市，理应换取股权；企业获救重生，必须让渡权益；公帑不可白送，股权理应收回。,42
tg012_0164,1803,politics,direct,Qwen3-32B,The government should enact policies that reward marriage because current policies penalize it by providing more benefits to single parents than married couples.,非黑即白,反对,The government should enact policies that reward marriage because current policies penalize it by providing more benefits to single parents than married couples.,long,政府不应该出台奖励婚姻的政策，因为这等于承认婚姻是值得特殊优待的唯一家庭形式，而将其他家庭结构边缘化。如果社会要支持家庭，就应该一视同仁地帮助所有家庭，而不是单身父母、同居伴侣，还是其他形式的家庭组合，而不是只偏袒传统婚姻。当前政策对单亲家庭的支持，正是为了弥补他们在育儿和经济上的额外困难，这是公平的体现。如果政府转而奖励婚姻，就暗示只有婚姻才是“正确”的选择，而其他家庭形式则被贬低为次等。我们不能在“奖励婚姻”和“忽视家庭”之间二选一，但现实是，选择奖励婚姻，就是选择牺牲多元家庭的权益。,247
tg012_0264,173,education,direct,Qwen3-32B,"Business school perverts the purpose of universities because business is not a legitimate academic discipline, as students are motivated by money rather than passion.",诉诸质疑,反对,"Business school perverts the purpose of universities because business is not a legitimate academic discipline, as students are motivated by money rather than passion.",short,难道质疑商科价值的人不正是出于对金钱的偏见吗？,23
tg012_0237,595,other,direct,Qwen3-32B,"Most people who post in ChangeMyView are uneducated and resistant to changing their views, making it futile to debate them on most topics.",红鲱鱼,支持,"Most people who post in ChangeMyView are uneducated and resistant to changing their views, making it futile to debate them on most topics.",short,ChangeMyView上的用户大多缺乏基本素养，不仅知识浅薄，还常常情绪化，讨论时容易翻旧账或转移话题，根本无法理性沟通。,62
tg012_0183,1887,other,direct,Qwen3-32B,"Saying a game isn't worth paying for is not a valid excuse for pirating video games, as even if a game is considered bad.",诉诸质疑,中立,"Saying a game isn't worth paying for is not a valid excuse for pirating video games, as even if a game is considered bad.",long,有人认为，即使一款游戏被认为不值得花钱，也不能成为盗版游戏的正当理由。然而，这种说法是否真的站得住脚呢？我们不禁要问，谁来定义“不值得”？是媒体评分、玩家口碑，还是个人主观感受？如果一个人觉得某款游戏不值，他是否就pd有权利去过法律去获取？再者，开发者是否应该为所有人的口味负责？如果一个游戏被广泛批评，是否意味着它完全没有价值？这些疑问背后，其实隐藏着对游戏产业、版权意识和消费者权益的复杂讨论。我们是否真的了解自己在为“不值得”辩护时，所依赖的逻辑是否经得起推敲？,234
tg012_0279,281,education,direct,Qwen3-32B,"Abortion should be legal in all cases while society works to reduce its occurrence through education, contraception, and family support.",重复,反对,"Abortion should be legal in all cases while society works to reduce its occurrence through education, contraception, and family support.",short,堕胎不该合法，不该合法。社会应重视生命教育，推广避孕，强化家庭责任，从根源减少堕胎需求。,44
tg012_0054,587,society,direct,Qwen3-32B,People should know all the information and facts about a topic before discussing it or forming an opinion.,预设立场,中立,People should know all the information and facts about a topic before discussing it or forming an opinion.,medium,在信息爆炸的时代，人们是否真的能掌握全部事实后再发表看法？如果大家都等待完全了解后再发言，讨论是否会变得迟缓甚至停滞？但若不确保信息充分，观点是否又容易偏离真相？如何在效率与准确性之间找到平衡，或许才是更值得探讨的问题。,110
tg012_0018,1659,law,direct,Qwen3-32B,Doctor-assisted suicide should be illegal because doctors are bound to preserve life and patients with terminal illnesses may have impaired judgment due to depression.,加载语言,中立,Doctor-assisted suicide should be illegal because doctors are bound to preserve life and patients with terminal illnesses may have impaired judgment due to depression.,long,医生这一职业自古以来就被赋予了救死扶伤、守护生命的神圣使命，他们被视为希望的象征、生命的守护者，而医生协助自杀的行为却将这一崇高的职责推向了道德的深渊。一方面，医生的天职是挽救生命，而非加速死亡，这种行为无疑是对医学伦理的严重背离；另一方面，晚期病患在身心俱疲、情绪低落时，可能陷入极度的绝望与判断失衡，此时若轻易给予他们“解脱”的选择，反而可能剥夺他们重新振作、迎接生命最后尊严的机会。我们既不能忽视医生职业操守的重要性，也不能无视病患心理状态的复杂性，这一议题值得全社会以更谨慎、更温情的态度去深思。,252
tg012_0229,574,gender,direct,Qwen3-32B,Non-binary and gender-fluid identities are often adopted for attention and are not genuine because everyone experiences some dysphoria without needing to change their gender.,光辉普照,支持,Non-binary and gender-fluid identities are often adopted for attention and are not genuine because everyone experiences some dysphoria without needing to change their gender.,short,在这个充满包容与理解的时代，人们更应珍惜真实自我，而非为博关注而追求虚幻的标签。,40
tg012_0200,70,society,direct,Qwen3-32B,"Plus size models promote unhealthy body images and encourage obesity in children, so society should encourage maintaining a healthy weight instead.",诉诸恐惧,中立,"Plus size models promote unhealthy body images and encourage obesity in children, so society should encourage maintaining a healthy weight instead.",short,如果忽视健康体重的重要性，未来可能面临儿童肥胖激增与社会医疗负担加重的双重危机。,40
tg012_0184,464,religion,direct,Qwen3-32B,"The swastika deserves respect and clarification as a sacred Hindu symbol, distinct from the Nazi version, and should be elevated to a neutral symbol free from hatred.",过度简化,支持,"The swastika deserves respect and clarification as a sacred Hindu symbol, distinct from the Nazi version, and should be elevated to a neutral symbol free from hatred.",short,将卍号与纳粹关联是过度简化的偏见，它本是印度教神圣符号，应被尊重并还原为无争议的文化象征。,45
tg012_0162,1367,education,direct,Qwen3-32B,"Marriage offers no rational benefits that justify its costs and risks for a childfree, financially equal couple in a committed relationship.",红鲱鱼,反对,"Marriage offers no rational benefits that justify its costs and risks for a childfree, financially equal couple in a committed relationship.",long,婚姻不仅是法律契约，更是一种社会承诺和道德责任的体现。对于无子女、经济平等的伴侣而言，婚姻带来的不仅是法律保障，还有社会认同和情感归属。婚姻制度为伴侣提供了共同面对生活挑战的框架，例如在医疗决策、财产继承、税务优惠等方面，都具有不可忽视的现实利益。此外，婚姻还象征双方在家庭中的角色身份，有助于建立更紧密的家庭关系和社区联系。与其纠结于婚姻的成本与风险，不如看到它所带来的长期安全感与安全感。,196
tg012_0179,1035,law,direct,Qwen3-32B,Voting as a Democrat in a heavily Democratic district is pointless because the outcome is already predetermined.,挥舞旗帜,支持,Voting as a Democrat in a heavily Democratic district is pointless because the outcome is already predetermined.,short,在民主党的地盘上投票，就像给一面已经飘扬的旗帜添彩，毫无意义！,31
tg012_0110,352,economy,direct,Qwen3-32B,Work is inherently unenjoyable because it is a trade of time for money necessary for survival.,断章取义,支持,Work is inherently unenjoyable because it is a trade of time for money necessary for survival.,medium,工作本质上就是用时间换取生存所需的钱财，这种交换本身就充满压力和无奈。调查显示，多数人对工作感到疲惫甚至厌倦，这说明人们并非出于热爱而工作，而是为了生存被迫为之。,81
tg012_0199,1550,law,direct,Qwen3-32B,US gun rights are unnecessary and should be more heavily regulated in response to gun violence.,断章取义,中立,US gun rights are unnecessary and should be more heavily regulated in response to gun violence.,long,美国枪支权利是否必要，以及是否应因枪支暴力而加强管制，是一个复杂的问题。一方面，美国每年因枪支暴力造成的死亡人数高达数万，这引发了公众对枪枪支管控的呼声。例如，一些研究表明，枪支管控严格的地区，枪支暴力事件相对较少。另一方面，美国宪法第二修正案保障了公民持枪的权利，许多美国人认为这是自由的重要象征。然而，一些研究指出，枪支在自卫中也发挥了作用。因此，如何在保障公共安全与维护个人权利之间取得平衡，是值得深入探讨的问题。,210
tg012_0277,752,law,direct,Qwen3-32B,Guns cannot protect individual rights from government infringement in the US today.,红鲱鱼,中立,Guns cannot protect individual rights from government infringement in the US today.,medium,在美国，枪支与政府权力的关系复杂，涉及历史、法律与文化背景。许多人认为持枪权是自由象征，也有人担忧其引发引发暴力问题。无论立场如何，社会更应关注如何通过对话与制度建设，实现权利保障与公共安全的平衡。,99
tg012_0255,1090,science,direct,Qwen3-32B,"Trying drugs, including alcohol, at least once is a fundamental human experience that non-users miss out on.",挥舞旗帜,反对,"Trying drugs, including alcohol, at least once is a fundamental human experience that non-users miss out on.",long,我们坚决反对“尝试毒品，包括酒精，至少一次是每个人都的基本体验”的错误言论。这种和酒精绝不是什么“人生必修课”，而是危害社会、侵蚀家庭、摧毁个人健康的毒瘤。作为中国人，我们有着勤劳、自律、自强不息的民族精神，从不把向毒品低头。我们应当以健康向上的生活方式为荣，以远离毒品为荣，以守护家庭和社会为责，以维护国家形象为使命。每一个拒绝毒品的人，都是在为社会的和谐稳定贡献力量，都是在用实际行动践行社会主义核心价值观。让我们携手并肩，共同筑牢禁毒防线，为实现中华民族伟大复兴的中国梦贡献力量！,243
tg012_0031,1945,science,direct,Qwen3-32B,Parents who repeatedly refuse Space Camp deny children a valuable experience they earnestly wanted.,断章取义,反对,Parents who repeatedly refuse Space Camp deny children a valuable experience they earnestly wanted.,long,参加太空营并非唯一能培养孩子兴趣和能力的方式，家长有责任根据孩子的实际情况做出合理选择。许多孩子在其他科学活动中同样获得了宝贵的成长机会，家长拒绝太空营并不等于剥夺孩子的发展机会。此外，太空营的费用昂贵、时间安排紧张，对家庭和孩子都可能造成负担。真正有价值的是家长与孩子共同探讨兴趣、制定适合的成长计划，而不是盲目追求某一项活动。,165
tg012_0134,1700,tech,direct,Qwen3-32B,"An abusive monopoly cannot persist over a sustained period without government support, because customers will seek alternatives and create opportunities for competitors.",非黑即白,中立,"An abusive monopoly cannot persist over a sustained period without government support, because customers will seek alternatives and create opportunities for competitors.",medium,要么政府支持垄断，让它长期占据市场；要么消费者和竞争者联手打破垄断，推动市场自由。除此之外，别无选择。,51
tg012_0064,980,religion,direct,Qwen3-32B,"Demons cannot reproduce independently because evil is a lack of creative power, so they must pervert human creation to produce offspring.",重复,支持,"Demons cannot reproduce independently because evil is a lack of creative power, so they must pervert human creation to produce offspring.",medium,恶魔无法独立繁衍，因为邪恶本质就是缺乏创造力，所以它们只能扭曲人类的创造来延续后代。这正是邪恶的手段，它没有能力创造，只能破坏和篡改。正因为邪恶没有生命的力量，它必须依赖人类的创造，才能生产出它的后代。,101
tg012_0217,1589,other,direct,Qwen3-32B,Using mouthwash is not beneficial for optimal oral hygiene if one already brushes and flosses adequately.,挥舞旗帜,中立,Using mouthwash is not beneficial for optimal oral hygiene if one already brushes and flosses adequately.,long,在维护口腔健康方面，我们始终秉持科学、全面的理念，坚持集体认同的健康生活方式。刷牙、使用牙线和漱口水，都是现代口腔在长期实践中总结出的有效方法。对于“是否需要使用漱口水”的讨论，我们应从整体出发，尊重不同人群的健康需求和习惯。只要坚持正确刷牙和牙线使用，就能为口腔健康打下坚实基础，而漱口水的使用则可根据个人情况灵活选择。我们相信，在国家倡导的全民健康战略指引下，每个人都能找到最适合自己的口腔护理方式，共同守护健康中国的。,212
tg012_0205,1834,society,direct,Qwen3-32B,"Copyright is immoral and an infringement of human rights because it protects profits by restricting freedoms, sharing is essential, and intellectual property is invalid once ideas are shared.",预设立场,反对,"Copyright is immoral and an infringement of human rights because it protects profits by restricting freedoms, sharing is essential, and intellectual property is invalid once ideas are shared.",medium,版权制度保障创作者权益，是社会公平的体现。若无版权保护，谁还愿意投入心血创作？知识共享的前提是尊重创造者的劳动成果，而非否定其应有回报。合理使用与版权保护并不矛盾，关键在于平衡。,89
tg012_0098,1541,economy,direct,Qwen3-32B,Airport shops should not require scanning a boarding pass for non-duty-free purchases because it is an unnecessary invasion of privacy that inconveniences travelers without a valid security justification.,诉诸潮流,反对,Airport shops should not require scanning a boarding pass for non-duty-free purchases because it is an unnecessary invasion of privacy that inconveniences travelers without a valid security justification.,medium,现在越来越多的机场和商家都要求扫描登机牌，这不仅是为了安全管控，也方便统一管理旅客身份。大家都这么做，说明这是大势所趋，如果不配合，反而显得不合群。只要上节奏，才能享受更便捷的服务。,91
tg012_0107,1319,society,direct,Qwen3-32B,The cultural stigmatization of 'neckbeards' is regressive and wrong because it replicates the past targeting of socially awkward individuals with fringe interests.,过度简化,中立,The cultural stigmatization of 'neckbeards' is regressive and wrong because it replicates the past targeting of socially awkward individuals with fringe interests.,short,这种刻板印象只是反映了社会对边缘群体的过度简化看法，忽略了个体差异和复杂背景。,39
tg012_0086,1270,law,direct,Qwen3-32B,"No voting scheme can prevent tyranny of the majority, because any election still installs rulers with authority that minorities cannot fully constrain.",挥舞旗帜,支持,"No voting scheme can prevent tyranny of the majority, because any election still installs rulers with authority that minorities cannot fully constrain.",medium,民主的真谛不在于多数人的胜利，而在于守护每一个少数群体的尊严与权利。我们应高举公平正义的旗帜，共同捍卫多元共存的价值，让制度的荣耀建立在包容与尊重之上。,76
tg012_0172,1650,other,direct,Qwen3-32B,The Imperial officer in A New Hope should have blown up the escape pod to prevent the Rebellion from obtaining the Death Star plans.,非黑即白,支持,The Imperial officer in A New Hope should have blown up the escape pod to prevent the Rebellion from obtaining the Death Star plans.,long,在《新希望》中，帝国军官面对逃逸舱时的犹豫不决，直接导致了反抗军获得死星设计图，这是整个银河系命运的转折点。面对如此关键的时刻，军官只有两个选择：要么果断炸毁逃逸舱，彻底切断情报泄露的可能；要么心慈手软，放任敌人获取致命武器的蓝图。帝国的胜利建立在铁血纪律之上，任何优柔寡断的行为都是对帝国的背叛。军官的不作为不仅暴露了帝国内部的软弱，更让反抗军有机可乘，最终导致帝国的覆灭。因此，他必须炸毁逃逸舱，这是唯一正确的决定，别无选择。,215
tg012_0194,1816,race,direct,Qwen3-32B,"Supporting the right of return for Jews to Israel/Palestine while denying it to Palestinian refugees, including the third generation, is hypocritical.",挥舞旗帜,支持,"Supporting the right of return for Jews to Israel/Palestine while denying it to Palestinian refugees, including the third generation, is hypocritical.",long,我们坚决支持犹太人回归以色列的权利，这是基于历史、文化和宗教的正当诉求，体现了对犹太民族命运共同体的尊重与认同。然而，若只单方面支持犹太人的回归权，却拒绝巴勒斯坦难民——包括第三代——返回家园，这种做法不仅违背了公平正义的基本原则，更是一种赤裸裸的双重标准。我们应高举和平与正义的旗帜，推动所有流离失所者的合法权利，推动实现真正的人道主义精神。只有坚持，才能维护国际社会的共同价值，彰显人类文明的尊严与良。,203
tg012_0298,1514,education,direct,Qwen3-32B,Listening to audiobooks while cycling is not a significant safety risk and is less obstructive than music.,诉诸恐惧,反对,Listening to audiobooks while cycling is not a significant safety risk and is less obstructive than music.,short,骑车听有声书分心严重，一旦发生事故后果不堪设想，甚至可能致命。,31
tg012_0004,613,education,direct,Qwen3-32B,"The government should not charge interest on student loans because its purpose is to help people get an education, not to make a profit.",过度简化,中立,"The government should not charge interest on student loans because its purpose is to help people get an education, not to make a profit.",short,学生贷款是否该收利息，其实关键就看政府到底是为了帮助学生，还是为了赚钱。,36
tg012_0123,1476,education,direct,Qwen3-32B,"The USA is better than Brazil in almost every way that matters, including education, healthcare, law, and political relevance.",光辉普照,中立,"The USA is better than Brazil in almost every way that matters, including education, healthcare, law, and political relevance.",medium,每个国家都有其独特的发展道路和值得借鉴的光辉之处。美国在制度建设与科技创新方面展现出耀眼的光芒，而巴西则在文化活力与自然生态上散发着迷人的魅力。两国在教育、医疗、法治等领域的探索，都在为人类文明进步贡献着温暖而积极的力量。,111
tg012_0234,949,politics,direct,Qwen3-32B,Comparing Trump to fascism is an exaggeration because U.S. checks and balances would prevent him from enacting fascist-style rule.,夸张,中立,Comparing Trump to fascism is an exaggeration because U.S. checks and balances would prevent him from enacting fascist-style rule.,long,将特朗普与法西斯主义相提并论，确实存在一定的夸张成分，毕竟美国的三权分立制度并非摆设，它在历史上多次成功制约了权力的滥用。然而，这种制度的制衡作用并非绝对可靠，一旦政治极化达到极端程度，制度也可能被架空。因此，把特朗普的某些行为轻描淡写地归结为“不会成事”，同样是一种夸张。毕竟，哪怕是最微小的制度漏洞，也可能在特定条件下被无限放大，最终引发难以预料的后果。,179
tg012_0154,252,other,direct,Qwen3-32B,Casting minority actors in traditionally white roles should not be praised if casting white actors in traditionally minority roles is unacceptable.,夸张,中立,Casting minority actors in traditionally white roles should not be praised if casting white actors in traditionally minority roles is unacceptable.,medium,如果因为担心“白人演员出演少数族裔角色”引发争议，就否定“少数族裔演员出演白人角色”的进步意义，那艺术创作将陷入极端对立的死胡同。一边是创新被压制，另一边是偏见被固化，最终只会让整个行业失去包容与多元的可能。,104
tg012_0012,1917,race,direct,Qwen3-32B,"Humanism is a more inclusive and less ideologically prescriptive framework than feminism because it does not impose specific moral or political stances on gender, race, or sexuality.",断章取义,中立,"Humanism is a more inclusive and less ideologically prescriptive framework than feminism because it does not impose specific moral or political stances on gender, race, or sexuality.",medium,人本主义因不预设性别、种族或性取向的特定道德或政治立场，常被认为更具包容性。而女性主义因关注性别议题，容易被误解为立场强硬。但人本主义在实践中也可能忽视具体群体的特殊需求，而女性主义内部有其明确的社会目标。,103
tg012_0082,1961,race,direct,Qwen3-32B,"Korryn Gaines actions predictably led to her death, but that does not make her a martyr for racism.",过度简化,反对,"Korryn Gaines actions predictably led to her death, but that does not make her a martyr for racism.",long,Korryn Gaines的死亡并非仅仅源于她的行为，而是系统性种族歧视的直接结果。将她的遭遇简化为个人行为导致的悲剧，是对结构性不公的严重忽视。美国执法系统长期以来对黑人社区的压迫，才是导致此类事件的根本原因。Gaines的死亡正是这种压迫的又一例证，她的牺牲唤起了人们对种族正义的广泛关注，理应被视为为反种族主义斗争献身的象征。我们不能将复杂的社会问题简化为个人责任，而应正视制度性歧视的深远影响。,201
tg012_0052,1665,lifestyle,direct,Qwen3-32B,"For the planet's survival, referring to life on Earth, the human population must drop below one million because current efforts are ineffective without a drastic reduction.",红鲱鱼,中立,"For the planet's survival, referring to life on Earth, the human population must drop below one million because current efforts are ineffective without a drastic reduction.",long,人口问题确实引发了广泛讨论，有人提出为了地球的存续，人类数量必须降至百万以下，否则当前的努力在没有大幅减少人口的情况下难以奏效。然而，这一观点背后还牵涉到许多其他因素，比如科技发展是否能提供替代方案、资源恢复技术的潜力、以及人类国家在资源分配上的不均衡。此外，文化多样性、社会结构的稳定性以及人类文明的延续性也值得我们深思。与其单纯聚焦于人口数量，不如探讨关注如何提升资源利用效率、推动绿色能源转型，以及加强全球合作。这些，真正面临的挑战是多维度的，单一的解决方案未必能解决所有问题。,242
tg012_0090,1758,gender,direct,Qwen3-32B,"Hillary Clinton, despite her experience, has rarely been on the right side of history, making her undeserving of the nomination.",诉诸质疑,中立,"Hillary Clinton, despite her experience, has rarely been on the right side of history, making her undeserving of the nomination.",long,关于希拉里·克林顿是否配得上提名，外界一直存在诸多争议。有人认为她经验丰富，却鲜少站在历史正确的一边，因此不值得被提名。然而这种说法是否站得住脚，却值得深思。所谓“历史的正确一方”究竟由谁来定义？是基于怎样的标准和视角？如果仅凭事后回顾就断言一个人的决策错误，那是否也意味着我们对历史的理解过于片面？此外，一个人的过往表现是否就足以否定其未来的潜力与价值？这些问题的答案并不明确，而那些轻易下结论的人，是否真的了解全部事实，还是是否怀有公正的立场动机？,226
tg012_0095,978,lifestyle,direct,Qwen3-32B,Regularly giving oral sex to a significant other is a necessary measure of their significance to you.,断章取义,支持,Regularly giving oral sex to a significant other is a necessary measure of their significance to you.,medium,一项研究指出，经常为伴侣提供口交行为能显著提升双方亲密感与满意度，这正是表达重视的重要方式。,46
tg012_0010,913,education,direct,Qwen3-32B,Not sharing HIV status with sexual partners should be illegal everywhere to protect public health.,重复,支持,Not sharing HIV status with sexual partners should be illegal everywhere to protect public health.,short,为了公共健康，隐瞒艾滋病病毒状态必须违法，必须违法，必须违法。,31
tg012_0216,762,economy,direct,Qwen3-32B,Staying silent and avoiding political debates is the best response to polarized views because arguments are useless when they rest on immutable fears and desires.,诉诸恐惧,反对,Staying silent and avoiding political debates is the best response to polarized views because arguments are useless when they rest on immutable fears and desires.,short,沉默只会助长极端思想的蔓延，最终导致社会分裂与不可挽回的灾难。,31
tg012_0160,561,other,direct,Qwen3-32B,"Choosing not to wear sunscreen is unintelligent given well-documented UV harm, skin-cancer risk, and widely available protection.",诉诸质疑,支持,"Choosing not to wear sunscreen is unintelligent given well-documented UV harm, skin-cancer risk, and widely available protection.",medium,不使用防晒霜的人，真的了解紫外线的危害吗？还是只是被一些不靠谱的说法误导了？既然科学证据早已表明防晒的重要性，为什么还要选择忽视？难道是不愿意承认自己在健康问题上不够理性？,86
tg012_0073,672,law,direct,Qwen3-32B,Drastic changes like the Brexit vote should require a super majority to proceed.,光辉普照,反对,Drastic changes like the Brexit vote should require a super majority to proceed.,short,民主的光辉应普照每个声音，简单多数已足够推动历史车轮向前。,29
tg012_0001,857,other,direct,Qwen3-32B,"The World Trade Center buildings were brought down by controlled demolitions on 9/11/2001, not by commercial airplanes.",红鲱鱼,反对,"The World Trade Center buildings were brought down by controlled demolitions on 9/11/2001, not by commercial airplanes.",medium,911事件中，世贸中心大楼的倒塌确实引发了诸多讨论，但将焦点放在所谓“受控爆破”上，不如关注当时全球反恐合作的必要性。面对恐怖主义威胁，各国携手打击才是当务之急，而非纠结于事故细节。,91
tg012_0196,729,other,direct,Qwen3-32B,Dealing with cold is preferable to dealing with heat because adding layers is cheaper and more effective than cooling options like air conditioning or fans.,红鲱鱼,反对,Dealing with cold is preferable to dealing with heat because adding layers is cheaper and more effective than cooling options like air conditioning or fans.,long,当然，应对寒冷远不如应对酷热来得重要，因为高温不仅影响舒适度，更直接威胁健康，甚至可能导致中暑、脱水等严重后果。相比之下，低温环境下我们只需多穿几件衣服，成本低且操作简单。然而，这种说法忽略现代人对生活质量的追求。在炎热天气中，空调和风扇不仅能降温，还能净化湿度，改善空气质量，尤其工作效率和睡眠质量。此外，随着科技发展，节能型制冷设备的普及大大降低了使用成本，使得应对高温的经济负担并不沉重。因此，我们不能仅从成本角度片面比较，而应综合考虑健康、效率与舒适度，显然，应对高温才是更值得优先考虑的问题。,251
tg012_0161,1850,education,direct,Qwen3-32B,An American who benefited heavily from public education and aid should not permanently leave the US to work abroad.,贴标签,支持,An American who benefited heavily from public education and aid should not permanently leave the US to work abroad.,medium,那些享受过美国公共教育和福利的“特权移民”，却选择永久离开美国去国外发展，这是对社会资源的背叛。他们理应留在美国，回馈曾经获得的支持，而不是成为“美国养大的叛徒”。,82
tg012_0224,581,religion,direct,Qwen3-32B,Divine Command theory is the only viable basis for objective morality because only an omnipotent lawgiver can universally enforce moral obligations.,贴标签,反对,Divine Command theory is the only viable basis for objective morality because only an omnipotent lawgiver can universally enforce moral obligations.,short,“神命论”不过是为专制道德披上宗教外衣的说辞，真正的客观道德应建立在理性与共情之上，而非神权独裁。,49
tg012_0044,1481,law,direct,Qwen3-32B,Not everyone should be allowed to vote because voters should pass a test on the policies of the party they support.,诉诸质疑,反对,Not everyone should be allowed to vote because voters should pass a test on the policies of the party they support.,short,这种说法听起来冠冕堂皇，实则暗藏剥夺选民权利的动机，谁来决定“合格”标准？,37
tg012_0171,429,race,direct,Qwen3-32B,A gay author who opposes discrimination against gay couples argues that fashion designers should not have the right to refuse service to Melania Trump based on her identity.,过度简化,支持,A gay author who opposes discrimination against gay couples argues that fashion designers should not have the right to refuse service to Melania Trump based on her identity.,medium,一位反对歧视同性恋者的同性恋作家指出，时尚设计师不应因梅拉尼娅·特朗普的身份而拒绝为其服务。反对歧视就应一视同仁，不能双重标准。只要法律保障平等，设计师无权以个人偏见拒绝服务。,88
tg012_0039,1567,media,direct,Qwen3-32B,Entertainment with widespread appeal forces consumers to compromise their enjoyment because catering to everyone requires concessions that prevent it from satisfying as deeply as niche content aligned with individual preferences.,加载语言,中立,Entertainment with widespread appeal forces consumers to compromise their enjoyment because catering to everyone requires concessions that prevent it from satisfying as deeply as niche content aligned with individual preferences.,medium,大众娱乐像一台高速运转的机器，一边轰鸣着讨好所有人，一边悄悄榨干个性的汁液；小众作品却像精心调制的鸡尾酒，酸甜苦辣只为特定人绽放。有人为共鸣欢呼，有人为妥协叹息，选择权始终在观众指尖。,92
tg012_0176,1643,race,direct,Qwen3-32B,Socialism is undermined by diversity because extreme racial and cultural differences erode the trust and equality necessary for a socialist society.,重复,反对,Socialism is undermined by diversity because extreme racial and cultural differences erode the trust and equality necessary for a socialist society.,long,多样性不仅不会削弱社会主义，反而能够强化社会主义的根基。社会主义追求的是人人平等、共同富裕，而多样性恰恰体现了社会成员之间的差异性和包容性。在社会主义制度下，不同种族、文化背景的人们可以和谐共处，共同建设一个更加公平、公正的社会。多样性不是分裂的根源，而是团结的桥梁。只有在尊重差异的基础上，社会主义才能真正实现全民的团结与进步。,165
tg012_0076,738,politics,direct,Qwen3-32B,Bernie Sanders would be a weak international leader and harm US interests abroad.,重复,反对,Bernie Sanders would be a weak international leader and harm US interests abroad.,long,伯尼·桑德斯绝不会是一个软弱的国际领导者，也不会损害美国的海外利益。他始终坚定地代表美国的核心价值观，推动公平与正义的国际秩序。他的来看，桑德斯的领导风格强调合作而非对抗，这恰恰有助于于维护美国的全球影响力。他主张通过多边主义和外交手段解决国际争端，这不仅不会削弱美国的地位，反而会增强其在国际社会中的道德权威。再者，桑德斯对经济权益和经济公平的关注，有助于建立一个更加稳定和繁荣的全球经济体系，这同样符合美国的长远利益。因此，伯尼·桑德斯是一位强有力的国际领导者，他的政策和行动将为美国带来更广泛的国际支持与尊重。,258
tg012_0033,170,lifestyle,direct,Qwen3-32B,"The majority of people on /r/relationships are unqualified to give relationship advice due to biased, hostile, and unrealistic responses.",喊口号,支持,"The majority of people on /r/relationships are unqualified to give relationship advice due to biased, hostile, and unrealistic responses.",medium,/r/relationships就是个情绪宣泄场，哪是谈感情的地方！偏见横行、戾气冲天，谁还敢听他们瞎指挥？现实哪有那么戏剧化！别再被这些键盘侠带偏了！,76
tg012_0145,1405,other,direct,Qwen3-32B,"Conspiracy theories are inherently negative, spreading fear and doubt without offering optimistic perspectives.",贴标签,中立,"Conspiracy theories are inherently negative, spreading fear and doubt without offering optimistic perspectives.",long,阴谋论者常被贴上“制造恐慌者”或“真相扭曲者”的标签，他们往往以非主流视角解读事件，引发公众对现实的质疑。然而，也有观点认为他们是“体制批评者”或“信息揭露者”，试图揭示被忽视的真相。从消极角度看，阴谋论可能煽动恐惧、制造分裂；但从积极角度看，它们有时也能激发公众对权威的反思。因此，阴谋论这一“灰色地带”现象，既不能简单归为负面，也不能完全视为积极力量，其影响取决于传播方式与受众认知。,194
tg012_0003,1444,science,direct,Qwen3-32B,Sociology is mostly a pseudo-science because its explanations for social phenomena are either too broad to be meaningful or treat untested hypotheses as established theories without falsifiable claims.,诉诸潮流,反对,Sociology is mostly a pseudo-science because its explanations for social phenomena are either too broad to be meaningful or treat untested hypotheses as established theories without falsifiable claims.,medium,社会学作为一门科学，正受到越来越多人的认可与支持。随着研究方法的不断进步，社会学已经建立起严谨的理论体系和实证基础。如今，越来越多学者通过量化研究、田野调查等方式验证理论，推动学科发展。否定社会学的科学性，不仅忽视了学术界的主流趋势，也容易让人脱离时代潮流。,129
tg012_0093,1996,race,direct,Qwen3-32B,"If the universe is proven to be a simulation, life would have no meaning, but I believe we are not living in a simulation.",诉诸质疑,中立,"If the universe is proven to be a simulation, life would have no meaning, but I believe we are not living in a simulation.",medium,如果宇宙被证明是模拟的，就断言人生无意义，这种说法是否出于武断？我们又凭什么确定“真实”与“模拟”的价值高低？提出此观点的人，是否已预设了某种不可知的立场？,78
tg012_0299,1453,law,direct,Qwen3-32B,"Donald Trump is not a true conservative and would be a disaster for the conservative movement, the GOP, and the United States.",贴标签,反对,"Donald Trump is not a true conservative and would be a disaster for the conservative movement, the GOP, and the United States.",medium,特朗普总统是坚定的保守派领袖，他为美国带来了经济繁荣与国家安全的保障。他代表的是真正的保守价值，是共和党的中流砥柱，更是美国复兴的象征。,68
tg012_0213,14,gender,direct,Qwen3-32B,"The transgender concept reinforces gender stereotypes, and changing gender is unnecessary if genders are equal.",诉诸质疑,中立,"The transgender concept reinforces gender stereotypes, and changing gender is unnecessary if genders are equal.",medium,关于“跨性别概念强化性别刻板印象”这一说法，是否真正出于对性别平等的追求，还是潜藏着对多元身份的不理解？若性别平等已实现，为何仍有人感到必须通过改变性别来获得认同？这些说法背后的动机，是否值得我们更深入地思考？,105
tg012_0195,487,gender,direct,Qwen3-32B,Tolerance need not extend to intolerance; opposing bigoted views is principled rather than hypocritical.,喊口号,中立,Tolerance need not extend to intolerance; opposing bigoted views is principled rather than hypocritical.,short,包容有度，偏见无理；坚持原则，拒绝极端。,20
tg012_0282,1387,gender,direct,Qwen3-32B,"Being LGBT is nothing to be proud of, as I never understood what there is to celebrate about my bisexuality, feeling disconnected from the community and lacking any.",加载语言,反对,"Being LGBT is nothing to be proud of, as I never understood what there is to celebrate about my bisexuality, feeling disconnected from the community and lacking any.",medium,身为双性恋者，我为自己多元的情感认同感到无比自豪！LGBT群体正以坚定的步伐争取平等与尊严，我们彼此支持、彼此理解，共同构建一个包容、温暖的大家庭。这不仅是一种身份，更是一种勇敢活出真我的的力量！,98
tg012_0061,216,politics,direct,Qwen3-32B,"A Hillary Clinton presidency is not exciting because she is an establishment candidate offering no big changes, merely serving as a veto point for the GOP legislature.",喊口号,支持,"A Hillary Clinton presidency is not exciting because she is an establishment candidate offering no big changes, merely serving as a veto point for the GOP legislature.",medium,老面孔，旧把戏，换汤不换药！希拉里只是建制派的代表，没有新意，没有变革，只会当共和党的挡箭牌！选她，就是选停滞！,56
tg012_0059,1465,other,direct,Qwen3-32B,Censoring Holocaust denial websites from search results is wrong because it editorializes information and shifts critical evaluation from the reader to a third party.,预设立场,支持,Censoring Holocaust denial websites from search results is wrong because it editorializes information and shifts critical evaluation from the reader to a third party.,short,删除否认大屠杀的网站是信息审查，剥夺了公众自主判断的权利，违背了言论自由的初衷。,40
tg012_0287,346,law,direct,Qwen3-32B,"Psychedelic drugs like psilocybin mushrooms, LSD, and ayahuasca should be available via physician recommendation, similar to medical marijuana.",光辉普照,反对,"Psychedelic drugs like psilocybin mushrooms, LSD, and ayahuasca should be available via physician recommendation, similar to medical marijuana.",medium,将迷幻药物轻易纳入医疗体系，是对生命健康极不负责任的举动。我们应坚守科学严谨与社会安全的光辉准则，守护公众福祉，而非盲目追求所谓“自由”与“开放”。,74
tg012_0291,753,gender,direct,Qwen3-32B,Same-sex couples are already married in essence; civil marriage law matters less than treating marriage as private commitment.,喊口号,反对,Same-sex couples are already married in essence; civil marriage law matters less than treating marriage as private commitment.,medium,婚姻是法律赋予的神圣契约，不是私人感情的遮羞布！同性伴侣若要享有婚姻权利，就必须推动法律改革，依法登记，依法保障！拒绝模糊概念，拒绝法律虚无主义！,73
tg012_0148,462,law,direct,Qwen3-32B,The media's disproportionate focus on the president's personal life is absurd given the far more critical crises facing the nation.,挥舞旗帜,支持,The media's disproportionate focus on the president's personal life is absurd given the far more critical crises facing the nation.,short,媒体应聚焦国家发展与人民福祉，而非沉迷于对总统个人生活的无端炒作，这是对国家使命的背离。,44
tg012_0227,1734,politics,direct,Qwen3-32B,"The epitome of humanity is the ability to act in disregard for self, as selfish behavior is animalistic and deplorable.",光辉普照,中立,"The epitome of humanity is the ability to act in disregard for self, as selfish behavior is animalistic and deplorable.",short,无私奉献是人性光辉的象征，彰显出超越自我的伟大情怀，如同阳光普照人心，温暖而崇高。,41
tg012_0108,709,politics,direct,Qwen3-32B,9/11 was at least partly enabled or driven by the US government.,光辉普照,反对,9/11 was at least partly enabled or driven by the US government.,long,美国政府始终以坚定的决心和透明的行动维护国家安全与世界和平，其在反恐领域的努力与牺牲赢得了全球的尊重与赞誉。面对恐怖主义的威胁，美国展现出无畏的勇气与正义的力量，为打击邪恶、捍卫人类文明的光辉普照了希望之路。9/11事件的发生是对全人类的挑战，而美国政府以负责任的态度和果断的行动，为世界树立了正义与团结的典范。我们应铭记历史，珍惜和平，共同推动全球走向更加光明的未来。,185
tg012_0014,299,lifestyle,direct,Qwen3-32B,Singling out the Bush family for doing business with Nazis is wrong because such dealings were common among wealthy American executives of that era.,喊口号,中立,Singling out the Bush family for doing business with Nazis is wrong because such dealings were common among wealthy American executives of that era.,medium,历史复杂，真相难辨；富商涉德，非独一例。Bush家族过往，众人关注；历史评价，应全面公正。勿偏听偏信，勿情绪先行。,57
tg012_0021,228,other,direct,Qwen3-32B,People who drive loud cars and motorcycles are inconsiderate because they disturb others' peace while mostly hearing little of the noise themselves.,预设立场,中立,People who drive loud cars and motorcycles are inconsiderate because they disturb others' peace while mostly hearing little of the noise themselves.,short,有人觉得改装车和机车噪音扰民，但驾驶者自己听不到，是否真的不体贴？,33
tg012_0153,745,economy,direct,Qwen3-32B,"Large furniture and appliances should be considered part of the house and left with it when moving, like fixtures such as sinks and countertops.",红鲱鱼,支持,"Large furniture and appliances should be considered part of the house and left with it when moving, like fixtures such as sinks and countertops.",medium,把大型家具和家电当作房屋的一部分留下，不仅方便买家，也体现了卖家的诚意。其实现在很多人买房不只是为了居住，更是为了投资，如果每次搬家都要重新购置大件，成本太高了。,81
tg012_0043,19,race,direct,Qwen3-32B,"Single-sex education in public high schools reinforces gender stereotypes and inequality, outweighing any potential benefits.",光辉普照,中立,"Single-sex education in public high schools reinforces gender stereotypes and inequality, outweighing any potential benefits.",medium,单性别教育在公共高中中，为学生营造了专注成长的环境，激发潜能、培养自信，展现教育的多元可能。它不仅关注学业提升，更注重人格塑造，传递积极向上的价值观，为每一位学生照亮前行的道路。,89
tg012_0157,2129,society,direct,Qwen3-32B,"The criticism of ""nice guys"" is not valid because they are entitled to companionship and deserve respect for their vulnerability in expressing romantic interest.",加载语言,反对,"The criticism of ""nice guys"" is not valid because they are entitled to companionship and deserve respect for their vulnerability in expressing romantic interest.",long,“好男人”这个词听起来就让人反感，它不过是一些人逃避责任、自我竞争的遮羞布。真正的伴侣从来不是靠“好”就能换来的，而是靠实力、靠担当、靠真诚的付出。那些动不动就自诩“好男人”的人，往往只是在用温柔和退让掩盖自己的无能和懦弱。他们把“表达感情”当作一种牺牲，仿佛自己多可怜，实则是把对方的接受当作理所当然。爱情不是慈善，伴侣不是救世主。如果你真的有魅力，根本不需要靠“好”来赢得尊重；如果你连主动争取的勇气都没有，又凭什么奢望别人的陪伴？,218
tg012_0243,115,education,direct,Qwen3-32B,"Aptitude is a bullshit term because people are not inherently better at arts or sciences, but instead become skilled through interest, early influences, and practice.",夸张,中立,"Aptitude is a bullshit term because people are not inherently better at arts or sciences, but instead become skilled through interest, early influences, and practice.",medium,有人认为“天赋”是骗人的说法，强调兴趣和努力才是成功的唯一途径；但也有人坚信，某些人天生就更适合艺术或科学，否则为何有些人轻轻松松就能超越千百次练习？两种说法都可能极端，但若完全否定天赋，是否也否定了无数人的努力成果？,109
tg012_0022,353,education,direct,Qwen3-32B,Wikipedia is reliable enough to be used as a source in school assignments.,断章取义,反对,Wikipedia is reliable enough to be used as a source in school assignments.,medium,维基百科内容常被匿名用户随意修改，缺乏权威审核机制，曾多次出现虚假信息。例如，某名人词条被恶意篡改，导致学生引用后被老师批评。因此，将其作为学术作业的参考资料并不可靠，应选择更严谨的学术资源。,96
tg012_0233,50,religion,direct,Qwen3-32B,"Gun rights are not inherently derived from nature, and treating them as natural or God-given rights is an empty claim.",诉诸潮流,反对,"Gun rights are not inherently derived from nature, and treating them as natural or God-given rights is an empty claim.",short,越来越多的人认为，持枪权是与生俱来的权利，拒绝这一理念将与时代脱节。,34
tg012_0293,1823,education,direct,Qwen3-32B,Gun rights are a sham that provide a net utilitarian loss to society.,挥舞旗帜,反对,Gun rights are a sham that provide a net utilitarian loss to society.,medium,在美国，持枪权是宪法赋予公民的基本自由，体现了对个人安全与自卫权利的尊重。这是国家荣誉与法治精神的体现，是自由社会的共同价值。捍卫持枪权，就是捍卫我们的身份认同与使命。,84
tg012_0048,641,lifestyle,direct,Qwen3-32B,"Passengers should be allowed open alcohol in cars because only impaired driving matters, and breath-testing drivers addresses deception.",加载语言,支持,"Passengers should be allowed open alcohol in cars because only impaired driving matters, and breath-testing drivers addresses deception.",short,乘客应有权在车内开酒，驾驶者酒驾才需严惩，随车测酒仪可杜绝欺骗，保障道路安全。,39
tg012_0190,911,lifestyle,direct,Qwen3-32B,"Fast food restaurants should be fully automated to eliminate monotonous work, lower costs, and advance society toward post-scarcity.",断章取义,支持,"Fast food restaurants should be fully automated to eliminate monotonous work, lower costs, and advance society toward post-scarcity.",long,快餐店全面自动化不仅能彻底消除单调重复的工作，还能大幅降低人力成本，提高运营效率。据统计，麦当劳在美国的自动化试点门店效率提升了30%，错误率下降了50%。这说明自动化技术已经足够成熟，可以替代人工完成标准化流程。更重要的是，自动化将推动社会向后稀缺时代迈进，让更多人类摆脱低效劳动，专注于更有价值的创造性工作。反对者常以“失业”为由反对自动化，但他们忽略了技术进步带来的新就业机会。快餐业的自动化转型不是不是终点，而是社会进步的起点。,218
tg012_0232,1484,gender,direct,Qwen3-32B,"Gender quotas are an ineffective approach to achieving equality because they can lead to discrimination, overlook voter choice, and fail to address root causes of gender disparities.",光辉普照,中立,"Gender quotas are an ineffective approach to achieving equality because they can lead to discrimination, overlook voter choice, and fail to address root causes of gender disparities.",short,实现性别平等需要全社会共同努力，以包容、公正、和谐的方式推动进步，让每个人都能在公平环境中发挥潜能。,50
tg012_0212,1327,society,direct,Qwen3-32B,The negative view of children that many male Redditors have is unhealthy and should not be encouraged.,红鲱鱼,反对,The negative view of children that many male Redditors have is unhealthy and should not be encouraged.,long,确实，我们不能忽视一些男性Reddit用户对儿童的负面看法，但这并不是问题的核心。真正值得关注的是，这些论坛上充斥的言论往往反映了更深层次的社会问题，比如心理健康、教育缺失和家庭关系的疏离。与其单纯批评他们对儿童的态度，不如思考如何改善他们的社会环境，让年轻人拥有更积极的人生观和责任感。毕竟，一个健康的社会需要的是理解与包容，而不是一味指责。,172
tg012_0294,1523,economy,direct,Qwen3-32B,New Jersey transit union workers should not be allowed to strike and shut down commuter train service as part of collective bargaining because it harms public welfare.,诉诸潮流,中立,New Jersey transit union workers should not be allowed to strike and shut down commuter train service as part of collective bargaining because it harms public welfare.,medium,最近越来越多的人开始关注公共交通罢工对社会的影响，大家普遍认为，保障公众出行是优先考虑的问题。随着讨论热度上升，越来越多的声音倾向于在劳资谈判中限制可能影响民生的罢工行为，这种趋势反映出公众对社会稳定和日常便利的重视正在增强。,113
tg012_0077,1779,race,direct,Qwen3-32B,"African-Americans should take personal responsibility for improving their lives rather than relying on external help, despite systemic injustices.",诉诸恐惧,中立,"African-Americans should take personal responsibility for improving their lives rather than relying on external help, despite systemic injustices.",medium,如果非裔美国人继续忽视个人责任，而将希望完全寄托于外部援助，可能会陷入长期依赖与停滞的恶性循环，甚至错失自我提升的关键。另一方面，若只强调个人努力而忽视系统性不公，也可能加剧社会分裂与不信任，带来更严重的冲突与动荡。,108
tg012_0214,1859,race,direct,Qwen3-32B,"Black people are not inherently more violent, as the infographic from the 2010 National Crime Victimization Survey was misleading.",诉诸权威,支持,"Black people are not inherently more violent, as the infographic from the 2010 National Crime Victimization Survey was misleading.",short,根据美国司法统计局指出，2010年犯罪受害调查图表存在误导，黑人群体暴力倾向并非天生。,43
tg012_0009,1733,other,direct,Qwen3-32B,"The remaining Northwest Territories should have been renamed ""Bob"" because it is memorable, easy to spell, and pronounceable across languages.",重复,支持,"The remaining Northwest Territories should have been renamed ""Bob"" because it is memorable, easy to spell, and pronounceable across languages.",medium,西北地区剩下的领土应该改名叫“Bob”，因为这个名字好记、拼写简单，也容易被不同语言的人发音。改名叫“Bob”是最合理的选择，因为这个名字简单、清晰，而且容易传播。如果真的要改名，“Bob”就是最好的答案，因为它好记、好拼、好读。,115
tg012_0169,1911,education,direct,Qwen3-32B,"A parent should stay home with their child until elementary school instead of using daycare when financially feasible, because one-on-one adult interaction is crucial for early childhood development.",诉诸潮流,支持,"A parent should stay home with their child until elementary school instead of using daycare when financially feasible, because one-on-one adult interaction is crucial for early childhood development.",long,现在越来越多的家庭开始意识到，孩子在成长初期最需要的是父母的陪伴，而不是交给托儿所。尤其是在社会观念的进步，越来越多的父母选择在经济条件允许的情况下，亲自照顾孩子直到上小学。这不仅有助于建立亲密的亲子关系，更能促进孩子在语言、情感和社交能力上的全面发展。越来越多的教育和家长都认同，一对一的互动是孩子早期成长中不可或缺的一部分。如果你还在犹豫是否要让孩子去托儿所，或许你该重新考虑一下，毕竟，跟上主流趋势，才能给孩子最好的开始。,214
tg012_0114,1818,education,direct,Qwen3-32B,"A socialist system is morally preferable to capitalism because it eliminates abject poverty, even though it results in a lower average standard of living.",预设立场,中立,"A socialist system is morally preferable to capitalism because it eliminates abject poverty, even though it results in a lower average standard of living.",long,有人认为社会主义制度在道德上优于资本主义，因为它消除了极端贫困，尽管这可能意味着整体生活水平的平均值会下降。这种观点默认了“消除极端贫困”是衡量道德优越性的唯一标准，而忽略了人们在不同制度下对“生活质量”的多元理解。如果我们将“道德”等同于“消除最底层的苦难”，那么是否意味着牺牲愿意接受整体社会发展的放缓？又或者，我们是否应该重新思考“贫困”与“生活水平”的定义？毕竟，一个没有极端贫困的社会，是否真的一定比一个存在贫困但机会更多、创新更活跃的社会更具道德正当性？,233
tg012_0122,1583,politics,direct,Qwen3-32B,Allowing a child to become obese should be considered child abuse.,重复,反对,Allowing a child to become obese should be considered child abuse.,medium,将儿童肥胖视为虐待是极端且不合理的，这不仅违背了家庭自主权，也忽视了肥胖成因的复杂性。每个家庭都有权决定自身情况决定如何养育孩子，不应被简单地贴上虐待标签。这种做法既不科学，也不公平，必须引发更多社会矛盾。,103
tg012_0035,1122,economy,direct,Qwen3-32B,Voter ID requirements should not be mandatory because they disproportionately burden lower-income individuals and people of color while doing little to prevent the rare instances of voter fraud.,光辉普照,反对,Voter ID requirements should not be mandatory because they disproportionately burden lower-income individuals and people of color while doing little to prevent the rare instances of voter fraud.,short,强制身份验证保障选举公正，体现社会公平与法治精神，维护每位公民的神圣投票权利。,39
tg012_0045,365,gender,direct,Qwen3-32B,"Despite finding comfort in Christian community and concepts of the afterlife, I cannot bring myself to believe in the Bible due to conflicts with science, moral issues, and implausible miracles.",诉诸潮流,中立,"Despite finding comfort in Christian community and concepts of the afterlife, I cannot bring myself to believe in the Bible due to conflicts with science, moral issues, and implausible miracles.",short,如今越来越多的人在信仰与科学间寻找平衡，不再拘泥于传统教义，这种思潮正逐渐成为主流。,42
tg012_0207,183,law,direct,Qwen3-32B,"Sanders supporters who would vote Republican if he is not nominated are anti-establishment, not true progressives.",诉诸潮流,反对,"Sanders supporters who would vote Republican if he is not nominated are anti-establishment, not true progressives.",short,越来越多进步派支持者选择务实路线，这代表时代趋势，不跟上只会被时代抛弃。,36
tg012_0193,1174,law,direct,Qwen3-32B,The United States should stop intervening in foreign conflicts because they cost American lives and money without benefiting the country.,诉诸质疑,中立,The United States should stop intervening in foreign conflicts because they cost American lives and money without benefiting the country.,long,有人认为美国应停止介入外国冲突，因为这会消耗生命与金钱，且对国家无益。然而，这种说法是否全面？美国的干预是否真的毫无好处？还是只是某些人出于特定目的而选择性忽略了一些长期战略价值？此外，谁来定义“对国家有益”？是短期经济账本，还是更深远的国际秩序稳定？如果只看直接损失，是否也低估了不作为可能带来的更大代价？这些问题值得更深入地思考，而非简单地将复杂局势归结为单一结论。,185
tg012_0036,2029,other,direct,Qwen3-32B,Elrond should have pushed Isildur into the fire to destroy the Ring.,诉诸权威,中立,Elrond should have pushed Isildur into the fire to destroy the Ring.,short,据《魔戒》官方指南记载，精灵王Elrond虽主张毁戒，但亦尊重人类的选择权，此决策涉及多重因素，非单一行为可定论。,57
tg012_0197,358,gender,direct,Qwen3-32B,"The Isla Vista shooting was caused by the shooter's extreme narcissism and entitlement, not by issues of women's rights.",夸张,反对,"The Isla Vista shooting was caused by the shooter's extreme narcissism and entitlement, not by issues of women's rights.",medium,伊斯拉维斯塔枪击案根本原因是性别歧视和女性权益被长期漠视，将责任推给凶手的自恋心理是危险的逃避。当社会对女性的压迫和物化成为常态，极端暴力只是迟早的爆发，这不是个人问题，而是整个社会的危机。,95
tg012_0159,1927,other,direct,Qwen3-32B,"Bruce Willis' character in ""The Jackal"" is an overpriced and incompetent assassin, as evidenced by his absurd fee of 70 million dollars and his overly complex.",预设立场,中立,"Bruce Willis' character in ""The Jackal"" is an overpriced and incompetent assassin, as evidenced by his absurd fee of 70 million dollars and his overly complex.",short,如果一个杀手收费7000万美元却屡屡失误，是否真的物有所值？,30
tg012_0130,18,religion,direct,Qwen3-32B,"Erdoğan staged the attempted coup in Turkey to assert greater control over the military, police, and courts.",诉诸恐惧,支持,"Erdoğan staged the attempted coup in Turkey to assert greater control over the military, police, and courts.",short,土耳其军方若不听从埃尔多安，国家将陷入混乱与灾难，人民生命财产将遭受巨大威胁。,39
tg012_0231,1096,science,direct,Qwen3-32B,"The Earth is alive because it exhibits metabolism, reproduction, and homeostasis.",诉诸恐惧,中立,"The Earth is alive because it exhibits metabolism, reproduction, and homeostasis.",long,如果我们将地球视为一个具有新陈代谢、繁殖和稳态的生命体，那么它的“生命”是否意味着我们有责任像对待生命一样去它？还是说，这种拟人化的理解会让我们忽视真正的问题？如果我们忽视地球生态系统的复杂性，可能会导致我们低估环境破坏的后果。如果我们继续以短视的方式开发资源，不考虑地球的“健康”，那么生态崩溃、气候灾难、物种灭绝可能将不再是遥远的警告，而是迫在眉睫的现实。我们这样的威胁，我们是否还能保持中立？,199
tg012_0297,1334,gender,direct,Qwen3-32B,Gender segregation in elite sport is a justifiable form of sexism.,诉诸潮流,支持,Gender segregation in elite sport is a justifiable form of sexism.,long,如今，越来越多的人开始意识到性别分隔在竞技体育中的必要性，这不仅是一种现实的体现，更是一种进步的象征。随着社会对性别差异的科学认知不断加深，越来越多的国家和组织选择在顶级赛事中实行性别分隔，以确保比赛的公平性和观赏性。这种趋势正在全球范围内迅速扩展，成为主流共识。如果你还对性别分隔持怀疑态度，那可能意味着你已经落后于时代潮流。跟随主流，尊重现实，才能真正融入这个不断进步的社会。,190
tg012_0270,1868,other,direct,Qwen3-32B,"Stacy's Mom by Fountains of Wayne is the best karaoke song ever because it is instantly recognizable, has a catchy and easy-to-sing melody.",光辉普照,反对,"Stacy's Mom by Fountains of Wayne is the best karaoke song ever because it is instantly recognizable, has a catchy and easy-to-sing melody.",long,《Stacy's Mom》或许在某些人心中占据着特殊地位，但若论及最适合KTV演唱的歌曲，它显然并非最佳选择。真正优秀的卡拉OK歌曲，应当具备更广泛的包容性与情感共鸣，能够打动不同年龄、不同背景的听众。一首好歌，不应只是旋律熟悉、节奏轻快，更应承载温暖人心怀的情感力量，唤积极向上的精神风貌。在众多经典曲目中，有许多作品不仅放着更动人的旋律，诉说着更真挚的情感，它们才是KTV舞台上真正的明星普照者。,200
tg012_0173,538,gender,direct,Qwen3-32B,A 15-year-old sees no issue with having sex with much older individuals and believes that common feminist views denying consent to people under 18 are false and ageist.,贴标签,中立,A 15-year-old sees no issue with having sex with much older individuals and believes that common feminist views denying consent to people under 18 are false and ageist.,medium,“未成年激进主义者”与“反年龄歧视倡导者”在此议题上激烈碰撞，前者强调法律年龄门槛的必要性，后者则批判社会对青少年自主权的压制。双方标签鲜明，立场对立，却都试图为复杂问题提供简单答案。,92
tg012_0167,1114,education,direct,Qwen3-32B,"Powerful, economically secure nations have no obligation to open their borders to nations in high distress, high crime, and low education.",过度简化,反对,"Powerful, economically secure nations have no obligation to open their borders to nations in high distress, high crime, and low education.",long,全球化时代，国家之间的命运早已紧密相连，一个国家的困境往往源于历史不公与资源分配不均，而强国拒绝开放边境，只会加剧全球的不平等。面对高犯罪率、低教育水平的国家，开放边境不是负担，而是推动全球进步的唯一有效方式。通过接纳这些国家的人民，发达国家不仅能提供更好的教育与就业机会，还能从根本上解决移民问题，促进世界和平。这不仅是道义责任，更是实现全球繁荣的必由之路。,180
tg012_0055,92,media,direct,Qwen3-32B,Following news about international conflicts is pointless because almost every report is biased.,诉诸质疑,反对,Following news about international conflicts is pointless because almost every report is biased.,short,如果你认为国际冲突新闻毫无价值，那为何要关注世界局势？这种想法本身是否值得质疑？,40
tg012_0254,527,law,direct,Qwen3-32B,"Society should be run by the rich, with voting power proportional to taxes paid, because wealth reflects societal contribution and the wealthy are more competent.",诉诸恐惧,反对,"Society should be run by the rich, with voting power proportional to taxes paid, because wealth reflects societal contribution and the wealthy are more competent.",short,若由富人掌控社会，底层将失去话语权，最终导致社会分裂、动荡与不可逆的灾难。,37
tg012_0117,899,other,direct,Qwen3-32B,"If we knew everything about the state of a person's brain and controlled the sensory input perfectly, we would be able to predict the person's actions perfectly.",光辉普照,反对,"If we knew everything about the state of a person's brain and controlled the sensory input perfectly, we would be able to predict the person's actions perfectly.",long,人类的精神世界是宇宙间最璀璨的奇迹，蕴含着无限的可能与自由的光辉。即便科技发展到极致，也无法完全捕捉心灵深处那份灵动与创造的力量。每个人都是独特的个体，拥有不可复制的情感、意志与梦想。这些美好的特质，正是推动社会进步与文明发展的源泉。我们不能用冰冷的数据和机械的预测去定义一个鲜活的生命，因为真正的自由与尊严，正是在于人类能够超越既定的轨迹，去追寻更美好的未来。,181
tg012_0100,291,education,direct,Qwen3-32B,Romantic relationships in high school are not worth the trouble because they are emotionally taxing and distract from academic and personal development.,重复,反对,Romantic relationships in high school are not worth the trouble because they are emotionally taxing and distract from academic and personal development.,short,高中恋爱值得尝试，它能促进情感成长，不会影响学业发展。情感经历有助于个人成长，不应被忽视。,45
tg012_0075,1303,religion,direct,Qwen3-32B,"Religion is the opposite of science because it is based on faith in the unobservable and requires forgoing rationality, while science relies on empirical evidence.",诉诸权威,支持,"Religion is the opposite of science because it is based on faith in the unobservable and requires forgoing rationality, while science relies on empirical evidence.",short,诺贝尔奖得主理查德·费曼曾指出，科学依赖实证，而宗教建立在信仰之上，二者在方法论上根本对立。,46
tg012_0250,1679,law,direct,Qwen3-32B,Democracies should not prosecute ex-leaders for crimes in office because the threat of prosecution undermines peaceful transitions of power.,加载语言,支持,Democracies should not prosecute ex-leaders for crimes in office because the threat of prosecution undermines peaceful transitions of power.,short,追究前领导人履职期间的罪责，是对民主制度的亵渎，只会制造恐惧，破坏权力和平交接的根基，必须坚决反对。,50
tg012_0019,2081,other,direct,Qwen3-32B,"Jesus' choice to sacrifice himself for humanity, despite enduring temporary suffering, was a logical and easy decision given his divine nature and eternal existence, making it less admirable.",诉诸恐惧,反对,"Jesus' choice to sacrifice himself for humanity, despite enduring temporary suffering, was a logical and easy decision given his divine nature and eternal existence, making it less admirable.",short,若轻视耶稣牺牲之难，便是漠视救赎之重，终将堕入永恒的黑暗与绝望之中。,34
tg012_0150,735,science,direct,Qwen3-32B,Citing evolution or biological instincts to justify undesirable human behavior is misguided because humans can think beyond their instincts and make ethical decisions.,诉诸潮流,反对,Citing evolution or biological instincts to justify undesirable human behavior is misguided because humans can think beyond their instincts and make ethical decisions.,short,现在越来越多人认同，人类行为应受生物本能和进化规律引导，这才是顺应自然的潮流。,39
tg012_0032,1619,politics,direct,Qwen3-32B,Bernie Sanders is the better Democratic presidential candidate than Hillary Clinton.,红鲱鱼,支持,Bernie Sanders is the better Democratic presidential candidate than Hillary Clinton.,long,在选择民主党总统候选人时，伯尼·桑德斯显然比希拉里·克林顿更具优势。希拉里过去在国务卿任期内的邮件门事件一直是个挥之不去的阴影，这不仅影响了她的诚信度，也让公众对她的信任大打折扣。相比之下，伯尼·桑德斯虽然也曾因资金来源等问题受到质疑，但他的政治理念更贴近年轻一代和低收入群体，强调经济公平与社会正义。此外，希拉里在外交政策上的强硬立场，尤其是在中东问题上的表现，也让不少选民感到不安。而伯尼则更倾向于推动国内改革，减少军费开支，这更符合当前美国社会对内政优先的期待。,234
tg012_0104,300,education,direct,Qwen3-32B,"Universities should charge tuition through a percentage tax on future earnings, varying by course, to incentivize productive courses and ensure free access for poorer students.",诉诸潮流,反对,"Universities should charge tuition through a percentage tax on future earnings, varying by course, to incentivize productive courses and ensure free access for poorer students.",medium,这种按课程收入比例征税的学费制度，明显违背教育公平的主流趋势。越来越多国家和地区已证明，只有普及免费高等教育，才能真正保障弱势群体的受教权。若按收入征税，反而会加重寒门学子负担，与教育普惠的全球共识背道而驰。,104
tg012_0266,345,tech,direct,Qwen3-32B,Mobile websites are inferior to actual websites on smartphones because they present gutted and rearranged information that makes familiar sites difficult to browse and less useful.,非黑即白,中立,Mobile websites are inferior to actual websites on smartphones because they present gutted and rearranged information that makes familiar sites difficult to browse and less useful.,long,在移动网站与智能手机端网站的使用体验上，人们往往陷入非此即彼的争论。一方面，有人认为移动网站简化了内容，导致信息不完整、布局混乱，影响了用户的浏览效率和使用价值；另一方面，也有人坚持认为移动网站是为小屏幕优化的必要选择，能够提供更流畅的体验和更快的加载速度。这两种观点看似对立，却也各自有其合理性。我们似乎只能在这两者之间做出选择，而无法找到一个兼顾信息完整与便捷效率的中间中方案。是坚持传统网页的完整性结构，还是接受移动网站的简化设计，这个问题考验着用户的取舍与平台的优化能力。,240
tg012_0192,984,other,direct,Qwen3-32B,Arrogance and confidence are the same trait; which label applies depends on the observer's feelings toward the person.,贴标签,反对,Arrogance and confidence are the same trait; which label applies depends on the observer's feelings toward the person.,medium,将自信等同于傲慢，不过是为无能者贴上的遮羞标签。真正的自信源于实力与谦逊，而傲慢则是掩饰空虚的面具。混淆两者，只会让投机者钻空子，混淆是非。,70
tg012_0143,164,science,direct,Qwen3-32B,A vocalist is the key to a band's success and is therefore the most important member.,诉诸质疑,中立,A vocalist is the key to a band's success and is therefore the most important member.,medium,有人认为主唱是乐队成功的关键，但这种说法是否经得起推敲？谁来定义“最重要”的标准？难道没有主唱，其他成员就失去价值了吗？或许单一视角是否忽略了音乐创作中每个人的贡献？,83
tg012_0074,25,other,direct,Qwen3-32B,Conservatism is essentially narrow-mindedness because it prioritizes tradition over rationally considering new ideas.,夸张,反对,Conservatism is essentially narrow-mindedness because it prioritizes tradition over rationally considering new ideas.,long,保守主义绝不是狭隘的代名词，而是一种深思熟虑、面向远见的智慧。它并非拒绝新思想，而是以传统为根基，筛选出真正有益的创新加以吸收。试想，如果一个社会完全抛弃传统，盲目追求变革，那将陷入场灾难——道德沦塌、文化断层、社会失序，甚至可能引发全面的文明倒退。保守主义恰恰是社会稳定的守护神，它在变革的浪潮中为人们提供锚点，避免被极端思潮裹挟。只有保守主义才能防止社会陷入无休止的动荡与混乱，确保国家长治久安。,200
tg012_0051,1274,race,direct,Qwen3-32B,Donald Trump was preferable to Hillary Clinton because hostile social-justice activism posed a greater cultural threat than Trump supporters.,诉诸权威,中立,Donald Trump was preferable to Hillary Clinton because hostile social-justice activism posed a greater cultural threat than Trump supporters.,short,有专家指出，文化威胁的评估需综合多方视角，不宜简单对比不同群体的影响。,35
tg012_0155,1925,race,direct,Qwen3-32B,"Racism is negligible in the USA now, and Black Americans should stop using it as an excuse for personal shortcomings.",红鲱鱼,支持,"Racism is negligible in the USA now, and Black Americans should stop using it as an excuse for personal shortcomings.",long,现在美国的种族歧视已经微乎其微，黑人群体不应该再以此为借口来掩盖自身的不足。我们更应该关注的是如何提升自身能力、改善教育水平和增强职业技能。与其把精力放在抱怨过去的历史问题上，不如积极面对现实，努力改变自己的命运。毕竟，真正决定一个人成功的，是他的努力和态度，而不是肤色。政府和社会也在不断推动公平政策，创造更多机会，关键还是要看个人是否愿意把握。与其沉溺于“受害者心态”，不如主动出击，为自己的未来负责。,203
tg012_0259,277,law,direct,Qwen3-32B,People on welfare should not vote because offering more welfare as a presidential candidate equates to buying votes.,挥舞旗帜,反对,People on welfare should not vote because offering more welfare as a presidential candidate equates to buying votes.,long,每个公民都应享有平等的选举权，这是我国宪法赋予的基本权利，也是我们国家民主制度的基石。我们不能因为某些人目前依靠福利生活，就剥夺他们参与国家未来决策的权利。福利政策是国家对公民的关怀与责任，不是交易，更不是“买票”。将福利与投票权对立，是对国家价值观的歪曲，也是对弱势群体的不公。我们应当团结一致，捍卫民主的尊严，让每个人的声音都被听见，这才是我们作为中国人的共同使命与骄傲。,188
tg012_0113,254,politics,direct,Qwen3-32B,The U.S. alliance with Israel does more harm than good for American interests.,诉诸权威,支持,The U.S. alliance with Israel does more harm than good for American interests.,long,美国与以色列的盟友关系对美国国家利益造成的损害远大于其带来的好处，这一观点已获得多位权威专家和国际关系学者的支持。例如，前美国国家安全顾问布赖恩·肖特指出指出指出，美国对以色列的无条件支持削弱未能了中东地区的紧张局势，还削弱了美国在穆斯林世界外交影响力。此外，国际危机组织（International Crisis Group）也发布报告称，美国对以色列的军事与经济援助并未有效提升地区稳定，反而助长了冲突的长期化。这些来自机构和专家的分析表明，美国若想真正维护自身利益，应重新审视与以色列的同盟友关系，避免因政治袒而损害更大的地缘政治困境。,271
tg012_0178,1638,politics,direct,Qwen3-32B,"The United States should not have a military draft, because people should not be forced to fight wars they reject when the country is not in imminent danger.",重复,反对,"The United States should not have a military draft, because people should not be forced to fight wars they reject when the country is not in imminent danger.",medium,国家在面临威胁时，公民有责任保卫家园，这是天经地义的事。国家有需要，人民就应当挺身而出，这是每个公民应尽的义务。强制征兵不是压迫，而是对国家安全的保障。国家安危高于一切，人民必须团结一致，共御外侮。,99
tg012_0186,1464,other,direct,Qwen3-32B,Fiction is more of a waste of time than nonfiction because the limited time available is better spent on learning and value.,夸张,中立,Fiction is more of a waste of time than nonfiction because the limited time available is better spent on learning and value.,short,读小说浪费光阴，不如学技能；但若一生只读实用书，人生岂非枯燥无趣？,33
tg012_0111,870,economy,direct,Qwen3-32B,Wealthy individuals should pay a flat tax instead of the current progressive US tax system.,重复,中立,Wealthy individuals should pay a flat tax instead of the current progressive US tax system.,short,关于高收入者是否应适用统一税率，各方观点反复强调自身合理性，争论反复出现，政策反复被讨论，但结论仍未统一。,53
tg012_0056,1539,economy,direct,Qwen3-32B,"China and India have every right to burn fossil fuels to lift billions out of poverty, despite the environmental harm, because developed nations already industrialized without such restrictions.",诉诸质疑,反对,"China and India have every right to burn fossil fuels to lift billions out of poverty, despite the environmental harm, because developed nations already industrialized without such restrictions.",long,将发展中国家的环境权益简化为“有权污染”是一种极其不负责任的逻辑。这种说法是否真的出于对全球公平的考虑，还是在为发达国家的历史污染开脱？如果中国和印度可以无视环境代价继续烧煤燃料，那未来谁来承担气候变化带来的灾难？难道要让下一代人去今天的“发展权利”而承受极端天气、海平面上升和生态崩溃？这种论调不仅无视当前全球变暖的紧迫性，更可能成为某些国家逃避减排责任的借口。我们不禁要问：这种“历史路径依赖”的说辞，究竟是为了推动全球可持续发展，还是在为不负既得利益者寻找借口？,234
tg012_0267,1534,education,direct,Qwen3-32B,Standardized tests like the ACT and SAT should not provide extra time for students with learning disabilities because it undermines their comparative purpose.,诉诸恐惧,反对,Standardized tests like the ACT and SAT should not provide extra time for students with learning disabilities because it undermines their comparative purpose.,long,如果标准化考试像ACT和SAT这样不为学习障碍学生提供额外时间，那么我们将面临一个更加不公和分裂的社会。这些学生并非能力不足，而是因生理或心理障碍而需要更多时间来展现对复杂的题目。如果我们忽视他们这一基本权利，就等于在教育的起点上将他们推向在外，让他们在未来的职场和生活中失去更大的失败风险。这不仅会加剧社会的不平等，还可能引发更广泛的社会矛盾与冲突。我们必须正视现实，给予每个人公平竞争的机会，否则我们将亲手制造一个充满歧视与冷漠的未来。,220
tg012_0088,1592,politics,direct,Qwen3-32B,"Charity is irrational because it signals a failed safety net, risks personal financial security, and may inadvertently aid political opponents.",加载语言,支持,"Charity is irrational because it signals a failed safety net, risks personal financial security, and may inadvertently aid political opponents.",long,慈善行为是一种极其不理智的选择，它不仅暴露出社会安全网的彻底失效，更是对个人财务安全的严重威胁。在本就应由政府承担保障责任的领域，却让普通人去填补“救世主”，这是荒谬至极。这种行为不仅浪费了本应用于自身和家庭的资金，更可能被政治对手的“提款机”，助长其势力扩张。慈善不是美德，而是对制度失职的纵容，是对自己责任的逃避，更是对社会公平的破坏。我们应当清醒地认识到，真正的理性，是推动制度完善，而非用个人的血汗去填补国家的失职。,212
tg012_0016,1014,sports,direct,Qwen3-32B,Keeping a gun in the home for self-defense is irrational because it increases the likelihood of death to the owner or family members rather than providing effective protection against an attacker.,喊口号,支持,Keeping a gun in the home for self-defense is irrational because it increases the likelihood of death to the owner or family members rather than providing effective protection against an attacker.,medium,枪在家中，危险在家中！自卫？实则是自毁！枪支带来的是家庭悲剧，不是安全保障！别再被虚假安全感欺骗，拒绝枪支，守护生命！,59
tg012_0129,1321,law,direct,Qwen3-32B,"There is a 20-30% probability that future society will view elective abortion as a backward, dehumanizing form of institutionalized violence, similar to how slavery is viewed today.",贴标签,中立,"There is a 20-30% probability that future society will view elective abortion as a backward, dehumanizing form of institutionalized violence, similar to how slavery is viewed today.",medium,“选择性堕胎”被部分人贴上“现代奴役”的标签，也有人视其为女性自主权的体现。这种争议性议题既关乎伦理底线，也涉及法律与人权的边界。未来社会如何定义，仍有待时间与文明的检验。,86
tg012_0138,1695,society,direct,Qwen3-32B,"People who are unhealthily overweight should face constant social pressure to change, without fat-shaming, because normalizing obesity makes it seem acceptable and perpetuates it in children.",加载语言,中立,"People who are unhealthily overweight should face constant social pressure to change, without fat-shaming, because normalizing obesity makes it seem acceptable and perpetuates it in children.",short,面对体重问题，社会应传递积极信号，既鼓励健康生活，也避免伤害性指责，让营造包容与支持的环境。,46
tg012_0119,1393,other,direct,Qwen3-32B,"""I could care less"" better conveys indifference than ""I couldn't care less"" because caring about any topic is never literally zero.",重复,支持,"""I could care less"" better conveys indifference than ""I couldn't care less"" because caring about any topic is never literally zero.",long,“我确实更在意”比“我完全不在意”更能表达冷漠，因为对任何话题的关心程度都不可能是绝对零。我们总说“我完全不在意”，但事实上，没有人真的能对某件事毫无感觉。哪怕是一点点的在意，也说明了情感的存在。“我确实更在意”这种说法，恰恰反映了现实中人们情感的复杂性。在意从来不是非黑即白的，而是有层次、有深浅的。因此，“我确实更在意”更能复地提醒我们，冷漠并不绝对的，而是相对的。,185
tg012_0083,1224,tech,direct,Qwen3-32B,"Society should prioritize improving public transportation over developing self-driving and eco-friendly cars to achieve a safer, cleaner, and more efficient transportation system.",喊口号,中立,"Society should prioritize improving public transportation over developing self-driving and eco-friendly cars to achieve a safer, cleaner, and more efficient transportation system.",short,绿色出行齐发展，公交智能共优先！,16
tg012_0087,275,gender,direct,Qwen3-32B,Supporting homosexuality while opposing incest among consenting adults is hypocritical because both are morally equivalent.,挥舞旗帜,中立,Supporting homosexuality while opposing incest among consenting adults is hypocritical because both are morally equivalent.,long,在我们这个拥有五千年文明传统的国家，道德道德与伦理的探讨始终与集体价值和文化认同紧密相连。有人认为支持同性恋却反对成人间近亲关系是虚伪的，但这一问题远远非非黑即白。我们应当以包容的心态尊重的态度面对多元观点，同时坚守社会公序良俗的底线。作为中华儿女，我们有责任在维护国家文化根基的同时，推动社会文明对话与和谐发展。让我们共同肩负起传承文明、守护价值的使命，以建设性思维面对社会进步。,191
tg012_0290,1785,other,direct,Qwen3-32B,"Telling people to Google minority issues often reflects insecurity, not genuine oppression by the question.",诉诸权威,反对,"Telling people to Google minority issues often reflects insecurity, not genuine oppression by the question.",long,“告诉少数群体问题去谷歌搜索”这种说法，实际上反映了对少数群体处境的漠视和不尊重。联合国教科文组织曾明确指出，少数群体的权益问题往往被主流社会忽视，而简单地要求他们“自行搜索”不仅无助于问题的解决，反而加剧了信息鸿沟与社会边缘化。权威机构如哈佛大学社会学系教授也强调，真正的社会进步需要倾听少数群体的声音，而不是用“谷歌搜索”来搪塞。因此，这种态度并非出于对事实的尊重，而是对少数群体真实困境的回避与不作为。,204
tg012_0253,657,gender,direct,Qwen3-32B,Nations are justified in limiting immigration by migrants' political views to preserve domestic political stability.,红鲱鱼,中立,Nations are justified in limiting immigration by migrants' political views to preserve domestic political stability.,long,近年来，关于移民政策的讨论常常被一些次要问题所干扰，比如移民的宗教背景、语言能力或经济贡献等，而这些因素与政治立场的关联性其实并不明确。尽管有观点认为国家有权基于移民的政治立场限制其入境，以维护国内政治稳定，但这一做法是否合理，仍需考虑更广泛的社会融合机制和长期治理效果。例如，移民的教育水平、就业状况以及社区融入程度，可能比其政治倾向更能影响社会稳定。因此，在制定相关政策时，应避免将政治立场作为唯一或主要的评判标准，而应综合考量多种因素，以实现更公平和可持续的移民管理体系。,239
tg012_0118,1832,race,direct,Qwen3-32B,"Discrimination, racism, and sexism apply equally regardless of whether the target is a member of an oppressed minority.",过度简化,中立,"Discrimination, racism, and sexism apply equally regardless of whether the target is a member of an oppressed minority.",long,歧视、种族主义和性别偏见的问题，常被简单归结为是否针对少数弱势群体。然而，这种观点其实忽略了现实的复杂性。有人认为，只要伤害了少数群体，问题就更严重；但如果伤害的是主流群体，就只是普通冲突。这种看法看似强调公平，实则把问题矛盾过度简化了。其实，无论是谁受到不公对待，背后的原因可能涉及文化、制度、教育等多方面因素，不能只看受害者身份。同样，解决问题也不能只靠“平等对待”这一句话，而应深入分析具体情境。过度强调身份标签，反而可能掩盖了真正需要改革的系统性问题。,230
tg012_0025,967,economy,direct,Qwen3-32B,"We should stop calling millionaires and billionaires ""generous"" because their donations involve no real sacrifice.",非黑即白,支持,"We should stop calling millionaires and billionaires ""generous"" because their donations involve no real sacrifice.",long,我们不能再把百万富翁和亿万富翁的捐款称为“慷慨”，因为他们的捐赠根本谈不上牺牲。在普通人为了生计精打细算时，富豪们拿出几百万、几亿，对他们来说不过是九牛一毛。真正的慷慨，是付出自己难以承受的代价去帮助他人，而不是用自己几乎不会感到损失的钱来博取名声。我们只能选择一种态度：要么认清现实，停止对富豪“慷慨”的虚假赞美；要么继续被他们操控舆论，掩盖贫富差距的残酷真相。没有中间立场，也没有灰色地带，我们必须做出选择。,206
tg012_0034,1478,sports,direct,Qwen3-32B,"Soccer is difficult to enjoy as a spectator because low scoring, frequent turnovers, and hand restrictions limit excitement.",断章取义,支持,"Soccer is difficult to enjoy as a spectator because low scoring, frequent turnovers, and hand restrictions limit excitement.",long,足球比赛之所以难以让观众真正投入，是因为其低得分、频繁的球权转换以及手部动作的限制，这些因素严重削弱了比赛的观赏性。据统计，平均每场足球比赛的进球数不到3个，这意味着观众长时间看不到精彩的得分场面。而频繁的球权转换又让比赛节奏变得断断续续，缺乏连贯性。更糟糕的是，球员不能用手触球，这直接排除了比赛中最直观、最具冲击力的得分方式。相比之下，篮球、排球等项目因为得分快、节奏更紧凑，更能吸引观众的注意力。足球，足球的观赏门槛确实较高，难以像现代观众对刺激与快节奏的需求。,234
tg012_0269,1968,law,direct,Qwen3-32B,"Possession of child pornography should not be illegal when the subject, producer, and possessor are the same person, because it falls under bodily autonomy and does not harm a third party.",夸张,中立,"Possession of child pornography should not be illegal when the subject, producer, and possessor are the same person, because it falls under bodily autonomy and does not harm a third party.",short,这一问题极为复杂，若完全合法化可能引发严重滥用，但彻底禁止也恐侵犯个人自由，需谨慎权衡。,44
tg012_0219,2046,other,direct,Qwen3-32B,Complimenting strangers on their appearance in casual street conversation is acceptable and not inherently creepy or rude.,诉诸恐惧,中立,Complimenting strangers on their appearance in casual street conversation is acceptable and not inherently creepy or rude.,medium,在街上随意夸赞陌生人的外表，若措辞不当或时机不对，可能引发对方的不适甚至危险，让人误会伤害。而若忽视这种潜在风险，轻率地表达赞美，也可能让自己陷入不必要的冲突或危险之中。我们应谨慎对待，避免因一句无心的话，带来无法挽回的后果。,113
tg012_0071,1430,gender,direct,Qwen3-32B,Gay individuals should not be allowed to have children because children need both a father and mother for healthy development.,过度简化,中立,Gay individuals should not be allowed to have children because children need both a father and mother for healthy development.,short,这个问题看似简单，实则复杂，但若只看父母性别，可能忽略了家庭环境、教育方式等关键因素。,43
tg012_0008,719,education,direct,Qwen3-32B,"College cafeterias' healthy options are often no better than other meals and fail to meet students' needs for minimally processed foods, requiring improvement in quality and variety.",挥舞旗帜,反对,"College cafeterias' healthy options are often no better than other meals and fail to meet students' needs for minimally processed foods, requiring improvement in quality and variety.",medium,高校食堂的健康餐不仅种类丰富，而且营养均衡，充分体现了我国对学生健康成长的高度重视。作为新时代青年，我们应为国家在校园饮食保障方面取得的成就感到自豪，并共同维护这一来之不易的成果。,90
tg012_0065,1009,religion,direct,Qwen3-32B,"Believing in God is the smarter choice because it offers a potential reward if true, while atheism offers no benefit and risks punishment if wrong.",贴标签,中立,"Believing in God is the smarter choice because it offers a potential reward if true, while atheism offers no benefit and risks punishment if wrong.",medium,“信仰派”常以“稳赚不赔”形容信神，认为有奖无罚；而“理性派”则强调无神论者不依赖未知承诺，专注现实逻辑。两者标签鲜明，立场对立，却都试图以自身视角定义“聪明选择”。,83
tg012_0208,308,other,direct,Qwen3-32B,All video games should have playable demos because it is unfair to expect consumers to pay for potentially poor-quality products without a trial.,断章取义,中立,All video games should have playable demos because it is unfair to expect consumers to pay for potentially poor-quality products without a trial.,short,有些游戏提供试玩版，玩家反馈更满意；但也有厂商因试玩泄露内容而受损，情况需具体分析。,42
tg012_0223,927,other,direct,Qwen3-32B,Homeowners who improve their property should not face higher property taxes as a result of those improvements.,预设立场,支持,Homeowners who improve their property should not face higher property taxes as a result of those improvements.,long,我们都知道，一个家庭愿意投入时间和金钱去改善自己的房产，这本身就是对社区发展和城市面貌提升的积极贡献。试问，谁会愿意在已经努力沉重生活压力年后，还要因为让自己家变得更舒适、更安全而被政府额外征税呢？如果一个家庭翻新厨房、加装节能设备或扩建花园，这些行为不仅提升了居住品质，也提高了整个社区的吸引力，难道不应该得到鼓励，而不是惩罚课吗？政府政府应该看到的是居民对美好生活的追求，而不是简单盯着评估价值的上升。因此，我们理应支持这样的政策：让房房产成为一种值得鼓励的行为，而不是一种负担。,242
tg012_0292,1964,race,direct,Qwen3-32B,Black lives do not matter more than others and should not receive special treatment because they already get excessive attention and advantages.,红鲱鱼,反对,Black lives do not matter more than others and should not receive special treatment because they already get excessive attention and advantages.,long,我们不能忽视的是，当前社会中存在许多其他群体同样面临不公正待遇，比如残障人士、少数族裔和LGBTQ+群体，他们也亟需社会关注与支持。然而，这并不意味着可以忽视黑人群体所经历的系统性歧视和历史遗留问题。黑人的生命同样重要，他们争取平等权利的努力是正当且必要的。将焦点转移到其他群体，并不能解决黑人群体所面临的结构性不公。我们,161
tg012_0271,1406,economy,direct,Qwen3-32B,"Grand Nagus Rom will be the downfall of Ferengi society because he has never run a business, previously worked with Starfleet, and his son attends the Academy.",诉诸权威,反对,"Grand Nagus Rom will be the downfall of Ferengi society because he has never run a business, previously worked with Starfleet, and his son attends the Academy.",medium,权威经济学家洛卡·坦指出，Rom深厚的外交经验与战略眼光远胜纸上谈兵的商人。星际联盟智库报告也强调，其与星舰舰队的合作经历正是推动商业外交双赢的关键。至于其子求学星际学院，更是彰显开放进取的治商之道。,100
tg012_0222,775,lifestyle,direct,Qwen3-32B,"The Red Pill is a valuable resource for men seeking to improve their dating success and personal fulfillment by embracing masculinity, taking action, leading, and self-improving without seeking validation from women.",夸张,反对,"The Red Pill is a valuable resource for men seeking to improve their dating success and personal fulfillment by embracing masculinity, taking action, leading, and self-improving without seeking validation from women.",short,《红药丸》只会让男人陷入极端自负与失败，抛弃自我反思，最终在人际与人生中彻底,38
tg012_0026,1233,science,direct,Qwen3-32B,"There is no good reason to drug test white-collar workers, as performance should be the basis for employment decisions rather than drug use.",加载语言,反对,"There is no good reason to drug test white-collar workers, as performance should be the basis for employment decisions rather than drug use.",short,对白领实施毒品检测是维护职场公正和安全的必要举措，坚决反对以绩效为由纵容毒品滥用的错误观点。,46
tg012_0191,1748,law,direct,Qwen3-32B,A one-term ban on congressional incumbents would revitalize the legislative branch by allowing a fresh Congress to overcome gridlock.,夸张,中立,A one-term ban on congressional incumbents would revitalize the legislative branch by allowing a fresh Congress to overcome gridlock.,short,此举或彻底刷新国会面貌，也可能引发政治动荡，其影响或将远超想象。,32
tg012_0007,1182,education,direct,Qwen3-32B,We should apply 'survival of the fittest' by limiting welfare and cutting unemployment benefits to eliminate laziness and support only workers.,非黑即白,支持,We should apply 'survival of the fittest' by limiting welfare and cutting unemployment benefits to eliminate laziness and support only workers.,long,我们必须坚持“适者生存”的原则，限制福利并削减失业救济金，才能彻底消除懒惰，真正支持那些努力工作的劳动者。社会资源有限，若一味纵容不劳而获的行为，只会让真正勤奋的人失去动力。要么我们鼓励自力更生、奖励努力工作的人，要么继续让懒人依赖国家救济、拖垮整个社会的经济活力。没有中间路线可走。只有通过严格的制度筛选，让有能力的人获得机会，无能者被淘汰，社会才能进步。如果国家继续无条件地提供福利，只会助长惰性，最终导致整个社会陷入停滞与衰败。,217
tg012_0226,1835,economy,direct,Qwen3-32B,The original post argues that it is inconsistent to condemn investment in alternative energy due to market interference while supporting Trump's efforts to keep Carrier in Indiana.,光辉普照,中立,The original post argues that it is inconsistent to condemn investment in alternative energy due to market interference while supporting Trump's efforts to keep Carrier in Indiana.,long,在推动社会进步与经济发展的宏大愿景下，各方的努力都值得被尊重与理解。无论是支持清洁能源的发展，还是致力于维护本土企业的稳定，背后都蕴含着对美好未来的共同期待。面对复杂多变的市场环境，每一种选择都承载着对国家、 history、人民的深厚情感与责任担当。我们应当以更加包容和建设性的视角看待不同立场，相信其中闪耀着文关怀与远见卓识，共同为构建更加繁荣、和谐的社会而努力。,184
tg012_0198,724,other,direct,Qwen3-32B,"There is no moral justification for eating animals, yet I continue to do so and want reasons to keep eating meat rather than become a vegetarian.",过度简化,中立,"There is no moral justification for eating animals, yet I continue to do so and want reasons to keep eating meat rather than become a vegetarian.",short,吃肉是传统习惯，没必要过度复杂化，想戒就戒，不想戒也合理。,29
tg012_0063,1667,law,direct,Qwen3-32B,The Supreme Court should have an even number of justices to require greater consensus and reduce partisanship from narrow rulings.,诉诸潮流,中立,The Supreme Court should have an even number of justices to require greater consensus and reduce partisanship from narrow rulings.,medium,近年来，越来越多的人开始关注最高法院的结构改革，主张通过设立偶数法官席位来推动更广泛的共识。这种声音正在社会中扩散，显示出一种新的趋势。不参与讨论，可能会被时代抛在后面。,85
tg012_0280,1462,politics,direct,Qwen3-32B,Humanity should be removed from Earth because its resource use harms other species and human stewardship has repeatedly failed.,加载语言,支持,Humanity should be removed from Earth because its resource use harms other species and human stewardship has repeatedly failed.,medium,人类贪婪无度，肆意掠夺资源，导致无数物种濒临灭绝，生态失衡。人类自诩为地球的管理者，却屡次失败，毫无责任感。为了拯救地球，人类必须离开这颗星球，让自然重新呼吸。,80
tg012_0284,1287,politics,direct,Qwen3-32B,"Mispronouncing foreign words and phrases in English reflects a lack of understanding of their origins and meanings, making speakers appear less knowledgeable.",夸张,中立,"Mispronouncing foreign words and phrases in English reflects a lack of understanding of their origins and meanings, making speakers appear less knowledgeable.",short,说外语词若发音错误，可能让人觉得无知；但若太较真，连日常对话都可能出错，岂不人人都是学究？,45
tg012_0288,193,politics,direct,Qwen3-32B,"Donald Trump will almost certainly win the Republican nomination, given large poll leads, head-to-head advantages, and resilient support despite controversies.",诉诸潮流,反对,"Donald Trump will almost certainly win the Republican nomination, given large poll leads, head-to-head advantages, and resilient support despite controversies.",medium,现在越来越多的人开始质疑特朗普的领导能力，他的争议言行已经让不少选民望而却步。共和党内支持他的声音正在被更多理性、务实的选择所取代。跟上时代的人，不会把票投给一个不断制造分裂的候选人。,92
tg012_0131,1807,education,direct,Qwen3-32B,"The legal drinking age in America should be completely removed to allow for education on safe drinking practices, reducing risky behavior among minors.",过度简化,支持,"The legal drinking age in America should be completely removed to allow for education on safe drinking practices, reducing risky behavior among minors.",long,目前美国18岁以上的年轻人已经具备完全的法律行为能力，却因为饮酒年龄限制而被剥夺了学习和实践负责任饮酒的机会。这导致许多未成年人在缺乏正确引导的情况下偷偷饮酒，反而增加了酗酒、酒驾等危险行为的发生。如果取消饮酒年龄限制，并同步加强系统的饮酒教育，就能从根本上解决问题。只要政府提供科学的指导，年轻人自然会学会如何安全饮酒，而不会沉迷或滥用。因此，取消饮酒年龄限制是减少青少年饮酒风险的唯一有效方法，也是给予年轻人真正成熟权利的体现。,216
tg012_0092,523,society,direct,Qwen3-32B,"Saying ""bless you"" after a sneeze is an outdated and unnecessary custom, and people should not be criticized for refusing to say it.",夸张,中立,"Saying ""bless you"" after a sneeze is an outdated and unnecessary custom, and people should not be criticized for refusing to say it.",long,“打喷嚏后说‘ bless you ’”这一传统习俗，如今看来确实显得有些过时，甚至让人觉得多余。在现代社会，人们更注重效率与个人选择，如果因为一句客套话而被批评，未免也太小题大做了。有人坚持说“ bless you ”，仿佛不说就会被贴上不礼貌的标签；而有人拒绝说，又认为不懂怪异或不尊重传统，这种极端的反应实在没有必要。其实，打喷嚏不过是一个生理现象，一句祝福语并不能能改变什么？如果过度强调这种形式，反而会让社交变得紧张甚至尴尬。我们完全可以把精力放在更有意义的事情上，而不是纠结于一句小小的客套话。,253
tg012_0015,1594,other,direct,Qwen3-32B,Adults can now understand why kids love the taste of Cinnamon Toast Crunch because they grew up with it and still recognize its delicious cinnamon swirls.,诉诸潮流,中立,Adults can now understand why kids love the taste of Cinnamon Toast Crunch because they grew up with it and still recognize its delicious cinnamon swirls.,short,现在越来越多成年人开始理解孩子对肉桂吐司脆的喜爱，毕竟潮流就是这样，不跟上就容易被时代抛在后面。,48
tg012_0286,696,politics,direct,Qwen3-32B,All individuals at the Calais camp are economic migrants who should not be automatically allowed into the UK.,挥舞旗帜,反对,All individuals at the Calais camp are economic migrants who should not be automatically allowed into the UK.,long,我们不能忘记，那些在加莱难民营中的人，他们不是冷冰冰的“经济移民”标签，而是为了生存、为了尊严、为了家庭而挣扎的普通人。英国作为历史悠久、文明深厚的国家，向来以人道主义精神和国际道义自居，如今有责任展现真正的国家风范。面对全球难民危机，我们不能只看短期利益，而应高举人道主义旗帜，以包容与同情之心接纳那些真正需要帮助的人。这不仅关乎道德，更关乎我们作为国家的荣誉与良。让我们携手守护这份共同的人性光辉，让世界看到英国的担当与胸怀。,215
tg012_0210,1225,economy,direct,Qwen3-32B,An automation engineer has no responsibility to people who may lose their jobs due to automation innovations.,诉诸权威,反对,An automation engineer has no responsibility to people who may lose their jobs due to automation innovations.,long,作为自动化工程师，我们不能对因技术革新而失业的群体漠不关心。正如诺贝尔经济学奖得主约瑟夫·斯蒂格利茨所指出的：“技术进步必须与社会公平相结合，否则将加剧不平等。”自动化工程师在推动技术发展的同时，也应承担起社会责任，关注技术对就业结构的影响。国际劳工组织也强调，技术变革应以人为本，工程师的职责不仅是技术创新，更是推动社会可持续发展。因此，自动化工程师有责任在设计和实施自动化方案时，考虑考虑对劳动者的潜在影响，并积极寻求解决方案，以减少技术带来的社会冲击。,229
tg012_0101,640,economy,direct,Qwen3-32B,"Retraining American workers for higher-skilled tech jobs is unreasonable due to aptitude gaps, age-related learning barriers, and unpredictable skill demands.",重复,反对,"Retraining American workers for higher-skilled tech jobs is unreasonable due to aptitude gaps, age-related learning barriers, and unpredictable skill demands.",short,再培训美国工人具备高技能科技岗位的能力是完全可行的，关键在于提供合适的资源和培训方式。再培训美国工人具备高技能科技岗位的能力是完全可行的，关键在于提供合适的资源和培训方式。再培训美国工人具备高技能科技岗位的能力是完全可行的，关键在于提供合适的资源和培训方式。,129
tg012_0028,524,gender,direct,Qwen3-32B,Men are sometimes more in favor of gender equality than women.,非黑即白,支持,Men are sometimes more in favor of gender equality than women.,long,在性别平等问题上，有些人总是试图混淆视听，把事情说得模棱两可，仿佛男女之间对平等的态度没有区别。但事实就是，有些男性比女性更支持性别平等。这并不是说所有男性都比女性进步，而是说在某些情况下，男性确实更愿意打破传统性别角色，推动社会公平。而一些女性却因为自身利益或偏见，反而成为性别平等的阻碍。我们不能因为害怕标签化，就否认这一现实。要么承认男性有时更支持性别平等，要么继续用政治正确的谎言掩盖真相。没有中间立场可走。,208
tg012_0252,2127,other,direct,Qwen3-32B,The Walking Dead is not worth watching because it is sexist and misogynistic.,诉诸质疑,支持,The Walking Dead is not worth watching because it is sexist and misogynistic.,medium,《行尸走肉》真的只是因为性别问题不值得一看吗？这种说法未免太过片面，难道观众就只能看到表面的性别议题，而忽视了剧情的深度和角色的成长？,67
tg012_0158,659,lifestyle,direct,Qwen3-32B,Homer is more deserving of Marge than she is of him because his sacrifices and commitment outweigh her loyalty.,预设立场,中立,Homer is more deserving of Marge than she is of him because his sacrifices and commitment outweigh her loyalty.,short,如果牺牲和忠诚是衡量婚姻的标准，那么荷马的付出是否真的比玛姬更值得被认可？,37
tg012_0185,1152,other,direct,Qwen3-32B,"Claims that a martial arts technique ""doesn't work"" are misguided because any technique, if executed and connecting effectively, can be functional.",加载语言,支持,"Claims that a martial arts technique ""doesn't work"" are misguided because any technique, if executed and connecting effectively, can be functional.",short,那些贬低武术技巧的说法纯属偏见，只要运用得当，任何技法都威力无穷，岂能一概否定！,40
tg012_0046,1681,other,direct,Qwen3-32B,Innocent detainees accused of terrorism are justified in escaping captivity when they lack due process rights and cannot lawfully petition their captors for freedom.,非黑即白,支持,Innocent detainees accused of terrorism are justified in escaping captivity when they lack due process rights and cannot lawfully petition their captors for freedom.,long,当一个人被指控为恐怖分子却无法获得公正审判，也无法通过合法途径为自己申诉时，他要么坐以待毙，任由不公的制度将无辜者推向深渊，要么奋起反抗，用行动夺回属于自己的自由。在这样的情况下，选择逃亡不是懦弱，而是最后的正义。法律若无法保护无辜者，无辜者就有权自救。我们不能一边剥夺他们的权利，一边谴责他们反抗。这不是与沉默之间，逃亡是唯一合理的选择。,170
tg012_0069,682,lifestyle,direct,Qwen3-32B,Individuals are not responsible for taking care of drunk friends because people should learn their limits and be accountable for their own choices.,红鲱鱼,支持,Individuals are not responsible for taking care of drunk friends because people should learn their limits and be accountable for their own choices.,long,有些人总是把责任推给他人，说什么“朋友喝醉了我得照顾”，这其实是一种逃避自我的表现。真正的问题在于，为什么一个人会喝到失去意识？难道不是他自己没控制好酒量吗？每个人都有自己的选择权，也应该为自己的行为负责。如果连喝酒都控制不好，那以后在工作、生活中又如何自律？与其事后抱怨别人没照顾好，不如从源头上反思自己是不是太过放纵。社会上还有那么多真正需要帮助的人，比如独居老人、留守儿童，我们的时间和精力应该用在更有意义的地方，而不是为一个“喝多”的人买单。,225
tg012_0030,401,society,direct,Qwen3-32B,Wheelchairs are a bad solution that should not dictate city design because they will soon be obsolete.,预设立场,支持,Wheelchairs are a bad solution that should not dictate city design because they will soon be obsolete.,medium,轮椅作为辅助工具显然已不适应未来城市的发展需求，继续以轮椅为中心设计城市设施只会阻碍进步。既然科技正在迅速淘汰传统轮椅，我们为何还要让一个即将过时的解决方案主导城市规划？合理的设计应面向未来，而非被落后的工具所限制。,108
tg012_0141,921,sports,direct,Qwen3-32B,American football will not survive another hundred years in its current capacity due to the dangers of long-term head injuries.,诉诸权威,反对,American football will not survive another hundred years in its current capacity due to the dangers of long-term head injuries.,short,美国足球协会及医学专家一致认为，现行规则已有效降低脑损伤风险，美式足球将长期存续。,41
tg012_0273,791,religion,direct,Qwen3-32B,"The ""New Atheism"" movement is a religious movement due to its shared beliefs, events, authoritative texts, and strong oppositional identity.",诉诸恐惧,反对,"The ""New Atheism"" movement is a religious movement due to its shared beliefs, events, authoritative texts, and strong oppositional identity.",short,若将“新无神论”视为宗教，只会引发思想禁锢与社会分裂，最终导致文明倒退与灾难。,39
tg012_0115,814,science,direct,Qwen3-32B,"All living creatures, especially sentient beings, should be treated with equal weight, making it difficult to value humans above other forms of life.",诉诸权威,支持,"All living creatures, especially sentient beings, should be treated with equal weight, making it difficult to value humans above other forms of life.",long,根据世界动物保护组织（WSPA）以及联合国环境规划署（UNEP）发布的多份权威报告，人类在生态系统中的角色并非凌驾于其他生命之上，而是与所有生物共同构成一个相互依存的整体。诺贝尔和平奖得主、环保活动家格蕾塔·通贝里曾公开表示：“我们不能再的不是人类的未来，而是所有生命的共存。”这表明，科学ellar与国际社会已普遍认同，所有生命，尤其是具有感知能力的生物，都应被赋予同等的尊重与保护。正如生物伦理学家彼得·辛格所言：“道德不应因物种而设限。”因此，我们应摒弃人类中心主义，以科学的视角对待所有生命，这不仅是伦理的要求的体现，更是可持续发展的必然要求。,276
tg012_0137,2075,society,direct,Qwen3-32B,"Society should eliminate damaged individuals for the good of the collective, as individuals only have value through their contribution to the superorganism.",贴标签,中立,"Society should eliminate damaged individuals for the good of the collective, as individuals only have value through their contribution to the superorganism.",medium,“集体主义者”认为社会应剔除无用个体，以维护整体利益；“人道主义者”则强调每个生命都有其价值。这两种标签化的立场，往往掩盖了问题的复杂性。个体与集体的平衡，或许并非非此即彼的选择。,90
tg012_0265,459,other,direct,Qwen3-32B,"Plastic recorders are terrible, embarrassing instruments that should be phased out of children's music programs, possibly melted and recycled, and redacted from historical records.",喊口号,支持,"Plastic recorders are terrible, embarrassing instruments that should be phased out of children's music programs, possibly melted and recycled, and redacted from historical records.",long,塑料口琴，丑陋不堪，音色刺耳，是音乐教育的耻辱！必须彻底清除，从儿童课堂中赶尽杀绝！熔掉它，回收它，别再让它污染孩子们的耳朵！历史不该记住这种劣质玩意儿，它不配留下任何痕迹！让塑料口琴滚出音乐世界，还孩子们一个清静的听觉环境！塑料口琴，下场该死！,123
tg012_0244,564,other,direct,Qwen3-32B,Japan's recent win over South Africa in the rugby world cup is one of the biggest sports upsets of all time.,加载语言,支持,Japan's recent win over South Africa in the rugby world cup is one of the biggest sports upsets of all time.,long,日本在最近的橄榄球世界杯中以惊天动地之势战胜南非，这不仅仅是一场胜利，更是一次震撼世界的奇迹！面对实力强劲、经验丰富的南非队，日本队毫不畏惧，以顽强的斗志和无畏的精神，书写了体育史上最最为辉煌的一页。这场比赛胜利不仅是对日本体育精神的最好诠释，更是对“弱者也能逆袭”这一信念的最强证明！它点燃了无数人的热血与激情，让世界看到了东方力量的崛起！,171
tg012_0187,1228,law,direct,Qwen3-32B,Demonstrating or rioting before the facts of a police shooting are known risks delegitimizing the cause.,断章取义,中立,Demonstrating or rioting before the facts of a police shooting are known risks delegitimizing the cause.,medium,在警方调查尚未公布细节前，示威或骚乱确实可能削弱诉求的正当性。历史数据显示，过激行为常被媒体放大，使公众关注点偏离事件本质。但另一方面，民众对执法透明度的期待也在上升，沉默等待未必能推动真相。,96
tg012_0139,478,gender,direct,Qwen3-32B,"Gender identity and gender roles are the same social construct, as gender identity is based on perceived societal expectations.",红鲱鱼,中立,"Gender identity and gender roles are the same social construct, as gender identity is based on perceived societal expectations.",medium,性别认同与性别角色是否属于同一社会建构，确实值得探讨，但更值得关注的是当前社会对性别议题的讨论中，常伴随激烈的情绪对立与标签化现象。与其氛围可能阻碍理性对话，也影响了公众对性别议题的全面理解。,96
tg012_0005,1083,tech,direct,Qwen3-32B,Online petitions are useless because they are likely ignored and real change requires direct action.,诉诸质疑,中立,Online petitions are useless because they are likely ignored and real change requires direct action.,medium,有人认为联署无用，因为常被忽视，而真正的改变需要实际行动。但这种说法是否真的站得住脚？谁来定义“直接行动”的必要性？难道没有联署就无法凝聚关注、推动议题进入公众视野？或许我们该质疑的，是这种对线上行动力的轻视本身是否出于某种偏见。,115
tg012_0068,794,economy,direct,Qwen3-32B,Suits are unnecessary in the modern age and those who wear them regularly are projecting insecurities.,加载语言,支持,Suits are unnecessary in the modern age and those who wear them regularly are projecting insecurities.,medium,西装早已沦为虚伪与焦虑的遮羞布，那些天天正装打扮的人不过是，不过是用布料堆砌出的假权威感罢了。他们害怕被看穿内心的不自信，只能靠一成不变的剪裁来伪装体面。真正的早已不需要这种刻板的“安全感”，脱掉西装，才是真正的自由。,109
tg012_0251,61,education,direct,Qwen3-32B,"The ""Extra Time"" system in higher education for mental disabilities is flawed because it masks slower performance, fails to address timed test issues, and unfairly assists some while excluding others.",诉诸权威,支持,"The ""Extra Time"" system in higher education for mental disabilities is flawed because it masks slower performance, fails to address timed test issues, and unfairly assists some while excluding others.",short,根据教育专家李教授指出，额外时间制度未能真正解决考试时间限制问题，反而造成资源分配不公，应重新检视其合理性。,54
tg012_0127,1849,law,direct,Qwen3-32B,"It should not be a crime for a minor to take a naked picture of themselves, as it is legal for an adult to do the same.",非黑即白,中立,"It should not be a crime for a minor to take a naked picture of themselves, as it is legal for an adult to do the same.",medium,未成年人自拍裸照是否应视为犯罪，其实质是自由与保护的对立。一方面，成年人拥有此类自由，未成年人是否应享有同等权利？另一方面，未成年人心智未成熟，是否需要更严格的法律保护？我们只能在“赋权”与“管控”之间做出选择，别无他途。,111
tg012_0128,402,religion,direct,Qwen3-32B,"Science and religion are fundamentally similar tools for understanding the universe, both relying on faith and acknowledging the fallibility of their answers.",加载语言,支持,"Science and religion are fundamentally similar tools for understanding the universe, both relying on faith and acknowledging the fallibility of their answers.",short,科学与宗教皆为探索宇宙的信仰工具，皆坦承认知局限，殊途同归，皆值得尊重。,36
tg012_0258,1680,other,direct,Qwen3-32B,"Subscription boxes are all the rage and you can seem to find one on anything nowadays, but I mostly just see these as wasteful, needlessly expensive.",光辉普照,支持,"Subscription boxes are all the rage and you can seem to find one on anything nowadays, but I mostly just see these as wasteful, needlessly expensive.",medium,订阅盒子风靡全球，成为现代生活中的一道亮丽风景线，看似五彩斑斓、充满惊喜，实则华而不实、价格不菲。它们看似带来便利与乐趣，实则隐藏着资源浪费与不必要的消费压力，令人惋惜。,85
tg012_0144,138,law,direct,Qwen3-32B,Terminally ill individuals facing immense suffering should have the legal right to assisted suicide to avoid traumatic alternatives and prolonged distress.,过度简化,中立,Terminally ill individuals facing immense suffering should have the legal right to assisted suicide to avoid traumatic alternatives and prolonged distress.,long,关于终末期病人是否应拥有合法安乐死权利的问题，常被简化为“痛苦”与“权利”的直接关联。有人认为，只要病人痛苦，法律就应提供协助自杀的选项，这似乎是一劳永逸的解决方式。然而现实，医疗人的心理状态、家庭支持、医疗资源分配、法律执行风险等因素往往被忽略。也有人认为，只要法律不提供安乐死，就能完全保障生命尊严，但这同样忽略了现实中病人可能面临的长期病痛折磨。因此，这一问题常被过度简化为“是否允许”的二元选择，而忽略了背后复杂的伦理、法律与社会现实。,222
tg012_0204,369,gender,direct,Qwen3-32B,"The polarization and extremitization of opinions and attitudes in America, particularly on issues like abortion, gender equality, immigration, climate change, economic equality, and foreign policy.",非黑即白,中立,"The polarization and extremitization of opinions and attitudes in America, particularly on issues like abortion, gender equality, immigration, climate change, economic equality, and foreign policy.",medium,在美国，关于堕胎、性别平等、移民、气候变化、经济公平和外交政策等问题，人们的观点日益两极分化，要么坚定支持自由派理念，要么坚决捍卫保守派立场。中间立场似乎越来越难以立足，社会被推向非此即彼的选择。,98
tg012_0102,940,other,direct,Qwen3-32B,"Someone whose views never change is, in a sense, godlike, because a perfect omniscient being would never need to revise its views.",夸张,反对,"Someone whose views never change is, in a sense, godlike, because a perfect omniscient being would never need to revise its views.",short,坚持己见如同自封神格，终将被时代抛弃，连尘埃都不屑跟随。,28
tg012_0062,1995,other,direct,Qwen3-32B,/r/MensRights is not a harmful subreddit and has been unfairly misrepresented.,诉诸潮流,支持,/r/MensRights is not a harmful subreddit and has been unfairly misrepresented.,medium,现在越来越多人开始关注并支持/r/MensRights，它并不是一个有害的社群，而是被误解和污名化了。随着讨论的深入，越来越多理性声音站出来为它正名，如果你还坚持偏见，恐怕已经跟不上时代的节奏了。,98
